order_id,quantity_ordered,price_each,order_date
536365,6,2.55,"2010-12-01 08:26:00"
536365,6,3.39,"2010-12-01 08:26:00"
536365,8,2.75,"2010-12-01 08:26:00"
536365,6,3.39,"2010-12-01 08:26:00"
536365,6,3.39,"2010-12-01 08:26:00"
536365,2,7.65,"2010-12-01 08:26:00"
536365,6,4.25,"2010-12-01 08:26:00"
536366,6,1.85,"2010-12-01 08:28:00"
536366,6,1.85,"2010-12-01 08:28:00"
536367,32,1.69,"2010-12-01 08:34:00"
536367,6,2.10,"2010-12-01 08:34:00"
536367,6,2.10,"2010-12-01 08:34:00"
536367,8,3.75,"2010-12-01 08:34:00"
536367,6,1.65,"2010-12-01 08:34:00"
536367,6,4.25,"2010-12-01 08:34:00"
536367,3,4.95,"2010-12-01 08:34:00"
536367,2,9.95,"2010-12-01 08:34:00"
536367,3,5.95,"2010-12-01 08:34:00"
536367,3,5.95,"2010-12-01 08:34:00"
536367,4,7.95,"2010-12-01 08:34:00"
536367,4,7.95,"2010-12-01 08:34:00"
536368,6,4.25,"2010-12-01 08:34:00"
536368,3,4.95,"2010-12-01 08:34:00"
536368,3,4.95,"2010-12-01 08:34:00"
536368,3,4.95,"2010-12-01 08:34:00"
536369,3,5.95,"2010-12-01 08:35:00"
536370,24,3.75,"2010-12-01 08:45:00"
536370,24,3.75,"2010-12-01 08:45:00"
536370,12,3.75,"2010-12-01 08:45:00"
536370,12,0.85,"2010-12-01 08:45:00"
536370,24,0.65,"2010-12-01 08:45:00"
536370,48,0.85,"2010-12-01 08:45:00"
536370,24,1.25,"2010-12-01 08:45:00"
536370,18,2.95,"2010-12-01 08:45:00"
536370,24,2.95,"2010-12-01 08:45:00"
536370,24,1.95,"2010-12-01 08:45:00"
536370,24,1.95,"2010-12-01 08:45:00"
536370,24,1.95,"2010-12-01 08:45:00"
536370,20,0.85,"2010-12-01 08:45:00"
536370,24,1.65,"2010-12-01 08:45:00"
536370,24,2.95,"2010-12-01 08:45:00"
536370,12,3.75,"2010-12-01 08:45:00"
536370,24,0.42,"2010-12-01 08:45:00"
536370,24,0.42,"2010-12-01 08:45:00"
536370,36,0.65,"2010-12-01 08:45:00"
536370,3,18.00,"2010-12-01 08:45:00"
536371,80,2.55,"2010-12-01 09:00:00"
536372,6,1.85,"2010-12-01 09:01:00"
536372,6,1.85,"2010-12-01 09:01:00"
536373,6,2.55,"2010-12-01 09:02:00"
536373,6,3.39,"2010-12-01 09:02:00"
536373,8,2.75,"2010-12-01 09:02:00"
536373,6,4.95,"2010-12-01 09:02:00"
536373,6,1.06,"2010-12-01 09:02:00"
536373,6,1.06,"2010-12-01 09:02:00"
536373,6,1.06,"2010-12-01 09:02:00"
536373,6,1.06,"2010-12-01 09:02:00"
536373,2,4.95,"2010-12-01 09:02:00"
536373,4,6.95,"2010-12-01 09:02:00"
536373,6,2.10,"2010-12-01 09:02:00"
536373,6,2.55,"2010-12-01 09:02:00"
536373,6,3.39,"2010-12-01 09:02:00"
536373,6,3.39,"2010-12-01 09:02:00"
536373,2,7.65,"2010-12-01 09:02:00"
536373,6,4.25,"2010-12-01 09:02:00"
536374,32,10.95,"2010-12-01 09:09:00"
536375,6,2.55,"2010-12-01 09:32:00"
536375,6,3.39,"2010-12-01 09:32:00"
536375,8,2.75,"2010-12-01 09:32:00"
536375,6,4.95,"2010-12-01 09:32:00"
536375,6,1.06,"2010-12-01 09:32:00"
536375,6,1.06,"2010-12-01 09:32:00"
536375,6,1.06,"2010-12-01 09:32:00"
536375,6,1.06,"2010-12-01 09:32:00"
536375,2,4.95,"2010-12-01 09:32:00"
536375,4,6.95,"2010-12-01 09:32:00"
536375,6,2.10,"2010-12-01 09:32:00"
536375,6,2.55,"2010-12-01 09:32:00"
536375,6,3.39,"2010-12-01 09:32:00"
536375,6,3.39,"2010-12-01 09:32:00"
536375,2,7.65,"2010-12-01 09:32:00"
536375,6,4.25,"2010-12-01 09:32:00"
536376,48,3.45,"2010-12-01 09:32:00"
536376,64,2.55,"2010-12-01 09:32:00"
536377,6,1.85,"2010-12-01 09:34:00"
536377,6,1.85,"2010-12-01 09:34:00"
536378,10,1.95,"2010-12-01 09:37:00"
536378,10,1.95,"2010-12-01 09:37:00"
536378,10,2.95,"2010-12-01 09:37:00"
536378,10,0.85,"2010-12-01 09:37:00"
536378,12,3.75,"2010-12-01 09:37:00"
536378,6,3.75,"2010-12-01 09:37:00"
536378,12,0.85,"2010-12-01 09:37:00"
536378,10,1.65,"2010-12-01 09:37:00"
536378,6,2.55,"2010-12-01 09:37:00"
536378,6,2.55,"2010-12-01 09:37:00"
536378,120,0.42,"2010-12-01 09:37:00"
536378,24,0.55,"2010-12-01 09:37:00"
536378,24,0.55,"2010-12-01 09:37:00"
536378,24,0.55,"2010-12-01 09:37:00"
536378,6,2.95,"2010-12-01 09:37:00"
536378,48,1.25,"2010-12-01 09:37:00"
536378,96,0.38,"2010-12-01 09:37:00"
536378,10,1.95,"2010-12-01 09:37:00"
536378,10,1.95,"2010-12-01 09:37:00"
536380,24,1.45,"2010-12-01 09:41:00"
536381,23,4.25,"2010-12-01 09:41:00"
536381,5,4.95,"2010-12-01 09:41:00"
536381,10,1.95,"2010-12-01 09:41:00"
536381,2,2.10,"2010-12-01 09:41:00"
536381,6,1.25,"2010-12-01 09:41:00"
536381,24,1.25,"2010-12-01 09:41:00"
536381,24,1.25,"2010-12-01 09:41:00"
536381,1,1.25,"2010-12-01 09:41:00"
536381,1,0.85,"2010-12-01 09:41:00"
536381,1,2.55,"2010-12-01 09:41:00"
536381,10,1.65,"2010-12-01 09:41:00"
536381,3,1.69,"2010-12-01 09:41:00"
536381,1,1.95,"2010-12-01 09:41:00"
536381,2,2.10,"2010-12-01 09:41:00"
536381,1,2.95,"2010-12-01 09:41:00"
536381,1,2.95,"2010-12-01 09:41:00"
536381,4,2.95,"2010-12-01 09:41:00"
536381,1,2.95,"2010-12-01 09:41:00"
536381,6,0.85,"2010-12-01 09:41:00"
536381,3,1.25,"2010-12-01 09:41:00"
536381,2,2.55,"2010-12-01 09:41:00"
536381,1,0.85,"2010-12-01 09:41:00"
536381,1,0.85,"2010-12-01 09:41:00"
536381,1,1.45,"2010-12-01 09:41:00"
536381,1,4.95,"2010-12-01 09:41:00"
536381,2,2.95,"2010-12-01 09:41:00"
536381,2,5.95,"2010-12-01 09:41:00"
536381,2,5.95,"2010-12-01 09:41:00"
536381,4,1.45,"2010-12-01 09:41:00"
536381,1,2.95,"2010-12-01 09:41:00"
536381,1,1.95,"2010-12-01 09:41:00"
536381,2,1.65,"2010-12-01 09:41:00"
536381,3,3.95,"2010-12-01 09:41:00"
536381,36,1.06,"2010-12-01 09:41:00"
536381,10,6.75,"2010-12-01 09:41:00"
536382,12,0.85,"2010-12-01 09:45:00"
536382,8,3.75,"2010-12-01 09:45:00"
536382,12,1.65,"2010-12-01 09:45:00"
536382,10,1.95,"2010-12-01 09:45:00"
536382,10,2.10,"2010-12-01 09:45:00"
536382,50,1.85,"2010-12-01 09:45:00"
536382,8,2.95,"2010-12-01 09:45:00"
536382,4,3.75,"2010-12-01 09:45:00"
536382,12,5.95,"2010-12-01 09:45:00"
536382,2,14.95,"2010-12-01 09:45:00"
536382,2,14.95,"2010-12-01 09:45:00"
536382,4,16.95,"2010-12-01 09:45:00"
536384,3,6.45,"2010-12-01 09:53:00"
536384,48,0.65,"2010-12-01 09:53:00"
536384,12,1.65,"2010-12-01 09:53:00"
536384,6,2.95,"2010-12-01 09:53:00"
536384,12,2.95,"2010-12-01 09:53:00"
536384,40,1.45,"2010-12-01 09:53:00"
536384,40,2.55,"2010-12-01 09:53:00"
536384,6,2.95,"2010-12-01 09:53:00"
536384,2,12.75,"2010-12-01 09:53:00"
536384,4,3.95,"2010-12-01 09:53:00"
536384,3,5.95,"2010-12-01 09:53:00"
536384,6,6.95,"2010-12-01 09:53:00"
536384,8,10.95,"2010-12-01 09:53:00"
536385,1,19.95,"2010-12-01 09:56:00"
536385,12,1.45,"2010-12-01 09:56:00"
536385,6,4.25,"2010-12-01 09:56:00"
536385,10,1.95,"2010-12-01 09:56:00"
536385,12,1.25,"2010-12-01 09:56:00"
536385,2,8.50,"2010-12-01 09:56:00"
536385,10,1.65,"2010-12-01 09:56:00"
536386,36,4.95,"2010-12-01 09:57:00"
536386,100,1.65,"2010-12-01 09:57:00"
536386,100,1.65,"2010-12-01 09:57:00"
536387,192,3.82,"2010-12-01 09:58:00"
536387,192,3.37,"2010-12-01 09:58:00"
536387,192,3.37,"2010-12-01 09:58:00"
536387,432,1.45,"2010-12-01 09:58:00"
536387,432,1.25,"2010-12-01 09:58:00"
536388,3,5.95,"2010-12-01 09:59:00"
536388,3,5.95,"2010-12-01 09:59:00"
536388,2,7.95,"2010-12-01 09:59:00"
536388,3,4.95,"2010-12-01 09:59:00"
536388,3,4.25,"2010-12-01 09:59:00"
536388,6,2.95,"2010-12-01 09:59:00"
536388,12,1.65,"2010-12-01 09:59:00"
536388,12,0.42,"2010-12-01 09:59:00"
536388,12,0.85,"2010-12-01 09:59:00"
536388,12,1.45,"2010-12-01 09:59:00"
536388,12,0.85,"2010-12-01 09:59:00"
536388,4,6.75,"2010-12-01 09:59:00"
536388,12,1.65,"2010-12-01 09:59:00"
536388,12,1.65,"2010-12-01 09:59:00"
536389,6,8.50,"2010-12-01 10:03:00"
536389,8,4.95,"2010-12-01 10:03:00"
536389,12,1.25,"2010-12-01 10:03:00"
536389,6,5.45,"2010-12-01 10:03:00"
536389,4,6.35,"2010-12-01 10:03:00"
536389,6,5.95,"2010-12-01 10:03:00"
536389,3,5.95,"2010-12-01 10:03:00"
536389,2,8.50,"2010-12-01 10:03:00"
536389,4,3.75,"2010-12-01 10:03:00"
536389,4,3.75,"2010-12-01 10:03:00"
536389,2,8.50,"2010-12-01 10:03:00"
536389,2,8.50,"2010-12-01 10:03:00"
536389,24,1.65,"2010-12-01 10:03:00"
536389,24,0.85,"2010-12-01 10:03:00"
536390,2,8.50,"2010-12-01 10:19:00"
536390,12,3.75,"2010-12-01 10:19:00"
536390,12,1.45,"2010-12-01 10:19:00"
536390,48,0.72,"2010-12-01 10:19:00"
536390,48,0.72,"2010-12-01 10:19:00"
536390,8,8.50,"2010-12-01 10:19:00"
536390,144,0.64,"2010-12-01 10:19:00"
536390,40,2.55,"2010-12-01 10:19:00"
536390,288,0.10,"2010-12-01 10:19:00"
536390,64,2.55,"2010-12-01 10:19:00"
536390,100,0.72,"2010-12-01 10:19:00"
536390,50,1.45,"2010-12-01 10:19:00"
536390,12,4.25,"2010-12-01 10:19:00"
536390,96,0.64,"2010-12-01 10:19:00"
536390,96,0.64,"2010-12-01 10:19:00"
536390,48,0.65,"2010-12-01 10:19:00"
536390,144,0.32,"2010-12-01 10:19:00"
536390,40,4.95,"2010-12-01 10:19:00"
536390,24,4.25,"2010-12-01 10:19:00"
536390,24,3.39,"2010-12-01 10:19:00"
536390,24,3.75,"2010-12-01 10:19:00"
536390,48,1.48,"2010-12-01 10:19:00"
536390,96,1.25,"2010-12-01 10:19:00"
536390,100,1.65,"2010-12-01 10:19:00"
536392,6,1.95,"2010-12-01 10:29:00"
536392,4,3.75,"2010-12-01 10:29:00"
536392,12,1.25,"2010-12-01 10:29:00"
536392,12,1.25,"2010-12-01 10:29:00"
536392,1,165.00,"2010-12-01 10:29:00"
536392,12,1.25,"2010-12-01 10:29:00"
536392,12,1.25,"2010-12-01 10:29:00"
536392,4,5.95,"2010-12-01 10:29:00"
536392,16,1.69,"2010-12-01 10:29:00"
536392,24,0.65,"2010-12-01 10:29:00"
536393,8,9.95,"2010-12-01 10:37:00"
536394,24,0.42,"2010-12-01 10:39:00"
536394,96,1.85,"2010-12-01 10:39:00"
536394,96,1.85,"2010-12-01 10:39:00"
536394,96,1.85,"2010-12-01 10:39:00"
536394,96,1.85,"2010-12-01 10:39:00"
536394,12,4.95,"2010-12-01 10:39:00"
536394,12,3.75,"2010-12-01 10:39:00"
536394,48,1.25,"2010-12-01 10:39:00"
536394,12,2.10,"2010-12-01 10:39:00"
536394,32,2.55,"2010-12-01 10:39:00"
536394,20,1.65,"2010-12-01 10:39:00"
536395,8,3.95,"2010-12-01 10:47:00"
536395,32,1.69,"2010-12-01 10:47:00"
536395,24,0.55,"2010-12-01 10:47:00"
536395,24,0.55,"2010-12-01 10:47:00"
536395,24,0.55,"2010-12-01 10:47:00"
536395,8,3.45,"2010-12-01 10:47:00"
536395,8,2.10,"2010-12-01 10:47:00"
536395,4,3.75,"2010-12-01 10:47:00"
536395,8,3.75,"2010-12-01 10:47:00"
536395,8,3.75,"2010-12-01 10:47:00"
536395,8,3.75,"2010-12-01 10:47:00"
536395,8,3.95,"2010-12-01 10:47:00"
536395,48,2.10,"2010-12-01 10:47:00"
536395,48,2.10,"2010-12-01 10:47:00"
536396,6,2.55,"2010-12-01 10:51:00"
536396,6,3.39,"2010-12-01 10:51:00"
536396,8,2.75,"2010-12-01 10:51:00"
536396,6,4.95,"2010-12-01 10:51:00"
536396,6,4.95,"2010-12-01 10:51:00"
536396,6,1.06,"2010-12-01 10:51:00"
536396,6,1.06,"2010-12-01 10:51:00"
536396,6,1.06,"2010-12-01 10:51:00"
536396,6,1.06,"2010-12-01 10:51:00"
536396,2,4.95,"2010-12-01 10:51:00"
536396,4,6.95,"2010-12-01 10:51:00"
536396,6,2.10,"2010-12-01 10:51:00"
536396,12,2.55,"2010-12-01 10:51:00"
536396,6,3.39,"2010-12-01 10:51:00"
536396,6,3.39,"2010-12-01 10:51:00"
536396,2,7.65,"2010-12-01 10:51:00"
536396,2,35.75,"2010-12-01 10:51:00"
536396,6,4.25,"2010-12-01 10:51:00"
536397,12,4.65,"2010-12-01 10:51:00"
536397,48,4.65,"2010-12-01 10:51:00"
536398,24,0.29,"2010-12-01 10:52:00"
536398,6,2.95,"2010-12-01 10:52:00"
536398,4,6.75,"2010-12-01 10:52:00"
536398,8,2.55,"2010-12-01 10:52:00"
536398,6,8.50,"2010-12-01 10:52:00"
536398,2,7.95,"2010-12-01 10:52:00"
536398,12,2.10,"2010-12-01 10:52:00"
536398,12,2.10,"2010-12-01 10:52:00"
536398,12,2.10,"2010-12-01 10:52:00"
536398,12,1.25,"2010-12-01 10:52:00"
536398,12,1.65,"2010-12-01 10:52:00"
536398,6,3.35,"2010-12-01 10:52:00"
536398,4,3.95,"2010-12-01 10:52:00"
536398,8,4.65,"2010-12-01 10:52:00"
536398,9,4.95,"2010-12-01 10:52:00"
536398,4,3.75,"2010-12-01 10:52:00"
536398,9,4.95,"2010-12-01 10:52:00"
536399,6,1.85,"2010-12-01 10:52:00"
536399,6,1.85,"2010-12-01 10:52:00"
536400,12,1.45,"2010-12-01 10:53:00"
536401,1,2.55,"2010-12-01 11:21:00"
536401,1,1.25,"2010-12-01 11:21:00"
536401,2,1.25,"2010-12-01 11:21:00"
536401,1,2.95,"2010-12-01 11:21:00"
536401,1,3.35,"2010-12-01 11:21:00"
536401,1,1.45,"2010-12-01 11:21:00"
536401,1,1.25,"2010-12-01 11:21:00"
536401,2,1.25,"2010-12-01 11:21:00"
536401,1,1.65,"2010-12-01 11:21:00"
536401,4,1.45,"2010-12-01 11:21:00"
536401,1,1.25,"2010-12-01 11:21:00"
536401,1,4.95,"2010-12-01 11:21:00"
536401,2,3.75,"2010-12-01 11:21:00"
536401,2,1.25,"2010-12-01 11:21:00"
536401,2,9.95,"2010-12-01 11:21:00"
536401,1,9.95,"2010-12-01 11:21:00"
536401,1,5.95,"2010-12-01 11:21:00"
536401,1,4.25,"2010-12-01 11:21:00"
536401,3,4.95,"2010-12-01 11:21:00"
536401,1,2.55,"2010-12-01 11:21:00"
536401,1,2.95,"2010-12-01 11:21:00"
536401,2,1.69,"2010-12-01 11:21:00"
536401,1,7.95,"2010-12-01 11:21:00"
536401,1,0.55,"2010-12-01 11:21:00"
536401,1,0.55,"2010-12-01 11:21:00"
536401,2,0.55,"2010-12-01 11:21:00"
536401,4,2.95,"2010-12-01 11:21:00"
536401,2,2.10,"2010-12-01 11:21:00"
536401,1,2.10,"2010-12-01 11:21:00"
536401,1,1.25,"2010-12-01 11:21:00"
536401,1,0.85,"2010-12-01 11:21:00"
536401,3,0.55,"2010-12-01 11:21:00"
536401,1,2.95,"2010-12-01 11:21:00"
536401,1,2.95,"2010-12-01 11:21:00"
536401,2,1.25,"2010-12-01 11:21:00"
536401,3,1.25,"2010-12-01 11:21:00"
536401,1,1.25,"2010-12-01 11:21:00"
536401,1,1.25,"2010-12-01 11:21:00"
536401,2,1.65,"2010-12-01 11:21:00"
536401,2,2.95,"2010-12-01 11:21:00"
536401,2,2.95,"2010-12-01 11:21:00"
536401,1,5.95,"2010-12-01 11:21:00"
536401,1,1.25,"2010-12-01 11:21:00"
536401,2,2.55,"2010-12-01 11:21:00"
536401,9,0.85,"2010-12-01 11:21:00"
536401,1,1.65,"2010-12-01 11:21:00"
536401,4,2.95,"2010-12-01 11:21:00"
536401,3,2.95,"2010-12-01 11:21:00"
536401,1,5.95,"2010-12-01 11:21:00"
536401,1,7.95,"2010-12-01 11:21:00"
536401,1,1.65,"2010-12-01 11:21:00"
536401,2,1.65,"2010-12-01 11:21:00"
536401,1,1.65,"2010-12-01 11:21:00"
536401,1,1.65,"2010-12-01 11:21:00"
536401,5,2.55,"2010-12-01 11:21:00"
536401,3,2.95,"2010-12-01 11:21:00"
536401,3,2.95,"2010-12-01 11:21:00"
536401,9,2.55,"2010-12-01 11:21:00"
536401,1,16.95,"2010-12-01 11:21:00"
536401,4,2.95,"2010-12-01 11:21:00"
536401,1,10.65,"2010-12-01 11:21:00"
536401,1,4.25,"2010-12-01 11:21:00"
536401,2,6.95,"2010-12-01 11:21:00"
536401,2,5.95,"2010-12-01 11:21:00"
536402,40,2.55,"2010-12-01 11:22:00"
536402,40,2.55,"2010-12-01 11:22:00"
536402,36,4.25,"2010-12-01 11:22:00"
536403,96,1.85,"2010-12-01 11:27:00"
536403,1,15.00,"2010-12-01 11:27:00"
536404,24,1.25,"2010-12-01 11:29:00"
536404,12,1.25,"2010-12-01 11:29:00"
536404,12,1.25,"2010-12-01 11:29:00"
536404,12,1.25,"2010-12-01 11:29:00"
536404,12,1.25,"2010-12-01 11:29:00"
536404,12,1.65,"2010-12-01 11:29:00"
536404,36,0.85,"2010-12-01 11:29:00"
536404,12,1.25,"2010-12-01 11:29:00"
536404,12,1.25,"2010-12-01 11:29:00"
536404,12,1.25,"2010-12-01 11:29:00"
536404,12,1.25,"2010-12-01 11:29:00"
536404,12,1.25,"2010-12-01 11:29:00"
536404,12,1.25,"2010-12-01 11:29:00"
536404,12,0.85,"2010-12-01 11:29:00"
536404,12,0.85,"2010-12-01 11:29:00"
536404,12,0.85,"2010-12-01 11:29:00"
536404,12,1.25,"2010-12-01 11:29:00"
536404,12,1.25,"2010-12-01 11:29:00"
536404,12,2.10,"2010-12-01 11:29:00"
536404,24,0.55,"2010-12-01 11:29:00"
536404,24,0.55,"2010-12-01 11:29:00"
536404,24,0.55,"2010-12-01 11:29:00"
536404,24,0.55,"2010-12-01 11:29:00"
536404,24,0.55,"2010-12-01 11:29:00"
536404,10,1.65,"2010-12-01 11:29:00"
536404,10,1.65,"2010-12-01 11:29:00"
536404,10,1.65,"2010-12-01 11:29:00"
536404,24,1.65,"2010-12-01 11:29:00"
536405,128,2.55,"2010-12-01 11:32:00"
536406,8,2.55,"2010-12-01 11:33:00"
536406,8,3.39,"2010-12-01 11:33:00"
536406,8,2.75,"2010-12-01 11:33:00"
536406,6,4.95,"2010-12-01 11:33:00"
536406,6,1.06,"2010-12-01 11:33:00"
536406,6,1.06,"2010-12-01 11:33:00"
536406,6,1.06,"2010-12-01 11:33:00"
536406,6,1.06,"2010-12-01 11:33:00"
536406,4,4.95,"2010-12-01 11:33:00"
536406,4,6.95,"2010-12-01 11:33:00"
536406,6,2.10,"2010-12-01 11:33:00"
536406,6,2.55,"2010-12-01 11:33:00"
536406,6,3.39,"2010-12-01 11:33:00"
536406,6,3.39,"2010-12-01 11:33:00"
536406,2,7.65,"2010-12-01 11:33:00"
536406,2,35.75,"2010-12-01 11:33:00"
536406,6,4.25,"2010-12-01 11:33:00"
536407,6,1.85,"2010-12-01 11:34:00"
536407,6,1.85,"2010-12-01 11:34:00"
536408,24,0.42,"2010-12-01 11:41:00"
536408,24,0.42,"2010-12-01 11:41:00"
536408,12,0.85,"2010-12-01 11:41:00"
536408,12,1.65,"2010-12-01 11:41:00"
536408,12,1.25,"2010-12-01 11:41:00"
536408,12,1.25,"2010-12-01 11:41:00"
536408,12,0.85,"2010-12-01 11:41:00"
536408,12,1.95,"2010-12-01 11:41:00"
536408,4,3.95,"2010-12-01 11:41:00"
536408,4,3.75,"2010-12-01 11:41:00"
536408,4,3.75,"2010-12-01 11:41:00"
536408,6,2.10,"2010-12-01 11:41:00"
536408,12,2.10,"2010-12-01 11:41:00"
536408,24,0.85,"2010-12-01 11:41:00"
536408,12,1.25,"2010-12-01 11:41:00"
536408,12,0.95,"2010-12-01 11:41:00"
536408,6,2.95,"2010-12-01 11:41:00"
536408,12,1.65,"2010-12-01 11:41:00"
536408,6,1.65,"2010-12-01 11:41:00"
536408,2,7.95,"2010-12-01 11:41:00"
536408,2,7.95,"2010-12-01 11:41:00"
536408,12,1.65,"2010-12-01 11:41:00"
536408,12,0.85,"2010-12-01 11:41:00"
536408,8,1.69,"2010-12-01 11:41:00"
536408,3,5.95,"2010-12-01 11:41:00"
536408,3,5.95,"2010-12-01 11:41:00"
536408,8,2.95,"2010-12-01 11:41:00"
536408,36,0.85,"2010-12-01 11:41:00"
536408,12,0.42,"2010-12-01 11:41:00"
536408,25,0.42,"2010-12-01 11:41:00"
536408,4,4.25,"2010-12-01 11:41:00"
536408,3,5.95,"2010-12-01 11:41:00"
536408,3,5.95,"2010-12-01 11:41:00"
536408,6,3.75,"2010-12-01 11:41:00"
536408,24,0.55,"2010-12-01 11:41:00"
536408,12,1.45,"2010-12-01 11:41:00"
536408,3,4.95,"2010-12-01 11:41:00"
536408,12,1.65,"2010-12-01 11:41:00"
536408,30,0.21,"2010-12-01 11:41:00"
536408,12,0.42,"2010-12-01 11:41:00"
536408,12,1.95,"2010-12-01 11:41:00"
536408,6,2.55,"2010-12-01 11:41:00"
536408,12,2.55,"2010-12-01 11:41:00"
536408,10,1.65,"2010-12-01 11:41:00"
536408,36,0.65,"2010-12-01 11:41:00"
536408,12,1.25,"2010-12-01 11:41:00"
536408,4,3.75,"2010-12-01 11:41:00"
536408,12,1.65,"2010-12-01 11:41:00"
536409,3,6.35,"2010-12-01 11:45:00"
536409,1,3.75,"2010-12-01 11:45:00"
536409,1,4.95,"2010-12-01 11:45:00"
536409,1,6.75,"2010-12-01 11:45:00"
536409,1,1.25,"2010-12-01 11:45:00"
536409,1,1.65,"2010-12-01 11:45:00"
536409,1,2.10,"2010-12-01 11:45:00"
536409,1,3.75,"2010-12-01 11:45:00"
536409,1,2.10,"2010-12-01 11:45:00"
536409,1,2.10,"2010-12-01 11:45:00"
536409,1,2.95,"2010-12-01 11:45:00"
536409,1,1.25,"2010-12-01 11:45:00"
536409,1,1.25,"2010-12-01 11:45:00"
536409,1,2.95,"2010-12-01 11:45:00"
536409,1,2.95,"2010-12-01 11:45:00"
536409,1,6.35,"2010-12-01 11:45:00"
536409,1,7.95,"2010-12-01 11:45:00"
536409,1,4.25,"2010-12-01 11:45:00"
536409,1,3.75,"2010-12-01 11:45:00"
536409,5,2.10,"2010-12-01 11:45:00"
536409,1,0.42,"2010-12-01 11:45:00"
536409,1,1.25,"2010-12-01 11:45:00"
536409,1,6.75,"2010-12-01 11:45:00"
536409,6,0.85,"2010-12-01 11:45:00"
536409,6,0.85,"2010-12-01 11:45:00"
536409,1,2.95,"2010-12-01 11:45:00"
536409,3,2.95,"2010-12-01 11:45:00"
536409,2,1.95,"2010-12-01 11:45:00"
536409,12,1.25,"2010-12-01 11:45:00"
536409,28,0.21,"2010-12-01 11:45:00"
536409,24,0.12,"2010-12-01 11:45:00"
536409,1,5.95,"2010-12-01 11:45:00"
536409,1,1.25,"2010-12-01 11:45:00"
536409,1,1.65,"2010-12-01 11:45:00"
536409,1,1.25,"2010-12-01 11:45:00"
536409,12,0.65,"2010-12-01 11:45:00"
536409,1,5.95,"2010-12-01 11:45:00"
536409,1,1.65,"2010-12-01 11:45:00"
536409,1,2.95,"2010-12-01 11:45:00"
536409,1,1.95,"2010-12-01 11:45:00"
536409,2,1.25,"2010-12-01 11:45:00"
536409,1,4.95,"2010-12-01 11:45:00"
536409,2,6.35,"2010-12-01 11:45:00"
536409,1,2.10,"2010-12-01 11:45:00"
536409,1,2.10,"2010-12-01 11:45:00"
536409,1,1.65,"2010-12-01 11:45:00"
536409,3,1.45,"2010-12-01 11:45:00"
536409,3,1.45,"2010-12-01 11:45:00"
536409,6,0.42,"2010-12-01 11:45:00"
536409,2,0.85,"2010-12-01 11:45:00"
536409,2,1.95,"2010-12-01 11:45:00"
536409,1,1.95,"2010-12-01 11:45:00"
536409,1,1.25,"2010-12-01 11:45:00"
536409,1,0.85,"2010-12-01 11:45:00"
536409,1,2.95,"2010-12-01 11:45:00"
536409,12,0.29,"2010-12-01 11:45:00"
536409,1,4.95,"2010-12-01 11:45:00"
536409,1,4.95,"2010-12-01 11:45:00"
536412,3,1.65,"2010-12-01 11:49:00"
536412,3,1.65,"2010-12-01 11:49:00"
536412,1,2.95,"2010-12-01 11:49:00"
536412,4,1.65,"2010-12-01 11:49:00"
536412,3,1.65,"2010-12-01 11:49:00"
536412,3,1.65,"2010-12-01 11:49:00"
536412,1,2.95,"2010-12-01 11:49:00"
536412,1,2.95,"2010-12-01 11:49:00"
536412,1,1.95,"2010-12-01 11:49:00"
536412,1,1.95,"2010-12-01 11:49:00"
536412,1,1.69,"2010-12-01 11:49:00"
536412,1,1.69,"2010-12-01 11:49:00"
536412,1,1.69,"2010-12-01 11:49:00"
536412,1,1.69,"2010-12-01 11:49:00"
536412,1,2.95,"2010-12-01 11:49:00"
536412,1,2.95,"2010-12-01 11:49:00"
536412,3,4.25,"2010-12-01 11:49:00"
536412,5,1.65,"2010-12-01 11:49:00"
536412,1,1.65,"2010-12-01 11:49:00"
536412,10,0.65,"2010-12-01 11:49:00"
536412,1,2.95,"2010-12-01 11:49:00"
536412,1,1.65,"2010-12-01 11:49:00"
536412,3,1.25,"2010-12-01 11:49:00"
536412,24,1.45,"2010-12-01 11:49:00"
536412,2,1.65,"2010-12-01 11:49:00"
536412,3,4.65,"2010-12-01 11:49:00"
536412,2,3.75,"2010-12-01 11:49:00"
536412,1,4.25,"2010-12-01 11:49:00"
536412,1,3.75,"2010-12-01 11:49:00"
536412,2,1.65,"2010-12-01 11:49:00"
536412,2,2.95,"2010-12-01 11:49:00"
536412,1,1.25,"2010-12-01 11:49:00"
536412,6,1.65,"2010-12-01 11:49:00"
536412,1,2.10,"2010-12-01 11:49:00"
536412,2,2.10,"2010-12-01 11:49:00"
536412,3,1.65,"2010-12-01 11:49:00"
536412,7,1.65,"2010-12-01 11:49:00"
536412,1,1.65,"2010-12-01 11:49:00"
536412,5,1.65,"2010-12-01 11:49:00"
536412,5,1.65,"2010-12-01 11:49:00"
536412,12,1.25,"2010-12-01 11:49:00"
536412,5,1.65,"2010-12-01 11:49:00"
536412,1,1.65,"2010-12-01 11:49:00"
536412,2,2.95,"2010-12-01 11:49:00"
536412,5,2.95,"2010-12-01 11:49:00"
536412,2,2.95,"2010-12-01 11:49:00"
536412,1,2.95,"2010-12-01 11:49:00"
536412,2,2.95,"2010-12-01 11:49:00"
536412,1,3.75,"2010-12-01 11:49:00"
536412,2,3.75,"2010-12-01 11:49:00"
536412,1,0.95,"2010-12-01 11:49:00"
536412,2,2.95,"2010-12-01 11:49:00"
536412,3,3.75,"2010-12-01 11:49:00"
536412,1,2.10,"2010-12-01 11:49:00"
536412,1,2.10,"2010-12-01 11:49:00"
536412,3,3.75,"2010-12-01 11:49:00"
536412,2,3.75,"2010-12-01 11:49:00"
536412,1,1.65,"2010-12-01 11:49:00"
536412,1,2.95,"2010-12-01 11:49:00"
536412,2,3.75,"2010-12-01 11:49:00"
536412,2,1.65,"2010-12-01 11:49:00"
536412,4,9.95,"2010-12-01 11:49:00"
536412,7,2.10,"2010-12-01 11:49:00"
536412,2,1.65,"2010-12-01 11:49:00"
536412,7,2.10,"2010-12-01 11:49:00"
536412,1,4.95,"2010-12-01 11:49:00"
536412,1,4.95,"2010-12-01 11:49:00"
536412,1,4.95,"2010-12-01 11:49:00"
536412,2,6.75,"2010-12-01 11:49:00"
536412,5,0.85,"2010-12-01 11:49:00"
536412,2,2.95,"2010-12-01 11:49:00"
536412,1,4.95,"2010-12-01 11:49:00"
536412,2,6.75,"2010-12-01 11:49:00"
536412,1,1.65,"2010-12-01 11:49:00"
536412,1,2.95,"2010-12-01 11:49:00"
536412,1,4.95,"2010-12-01 11:49:00"
536412,2,2.95,"2010-12-01 11:49:00"
536412,1,4.95,"2010-12-01 11:49:00"
536412,6,1.25,"2010-12-01 11:49:00"
536412,1,2.95,"2010-12-01 11:49:00"
536412,1,7.95,"2010-12-01 11:49:00"
536415,10,0.55,"2010-12-01 11:57:00"
536415,5,2.95,"2010-12-01 11:57:00"
536415,3,1.65,"2010-12-01 11:57:00"
536415,3,1.65,"2010-12-01 11:57:00"
536415,3,1.65,"2010-12-01 11:57:00"
536415,5,0.85,"2010-12-01 11:57:00"
536415,2,1.25,"2010-12-01 11:57:00"
536415,5,2.95,"2010-12-01 11:57:00"
536415,3,1.45,"2010-12-01 11:57:00"
536415,1,2.95,"2010-12-01 11:57:00"
536415,1,5.95,"2010-12-01 11:57:00"
536415,5,1.65,"2010-12-01 11:57:00"
536415,4,1.45,"2010-12-01 11:57:00"
536415,6,0.85,"2010-12-01 11:57:00"
536415,3,1.25,"2010-12-01 11:57:00"
536415,5,2.10,"2010-12-01 11:57:00"
536415,3,0.85,"2010-12-01 11:57:00"
536415,4,2.10,"2010-12-01 11:57:00"
536415,3,2.95,"2010-12-01 11:57:00"
536415,3,1.45,"2010-12-01 11:57:00"
536415,12,0.85,"2010-12-01 11:57:00"
536415,5,0.85,"2010-12-01 11:57:00"
536415,4,0.85,"2010-12-01 11:57:00"
536415,6,0.85,"2010-12-01 11:57:00"
536415,12,0.29,"2010-12-01 11:57:00"
536415,2,3.75,"2010-12-01 11:57:00"
536415,12,0.29,"2010-12-01 11:57:00"
536415,1,1.25,"2010-12-01 11:57:00"
536415,2,2.10,"2010-12-01 11:57:00"
536415,3,1.95,"2010-12-01 11:57:00"
536415,3,8.50,"2010-12-01 11:57:00"
536415,3,8.50,"2010-12-01 11:57:00"
536415,6,2.95,"2010-12-01 11:57:00"
536415,2,4.25,"2010-12-01 11:57:00"
536415,2,0.55,"2010-12-01 11:57:00"
536415,2,0.55,"2010-12-01 11:57:00"
536415,2,0.55,"2010-12-01 11:57:00"
536415,3,0.55,"2010-12-01 11:57:00"
536415,3,2.10,"2010-12-01 11:57:00"
536415,3,2.10,"2010-12-01 11:57:00"
536415,3,2.10,"2010-12-01 11:57:00"
536415,3,2.10,"2010-12-01 11:57:00"
536415,2,0.42,"2010-12-01 11:57:00"
536415,4,0.85,"2010-12-01 11:57:00"
536415,3,0.85,"2010-12-01 11:57:00"
536415,3,0.85,"2010-12-01 11:57:00"
536415,2,4.95,"2010-12-01 11:57:00"
536415,3,1.65,"2010-12-01 11:57:00"
536415,3,1.65,"2010-12-01 11:57:00"
536415,3,1.65,"2010-12-01 11:57:00"
536415,3,0.42,"2010-12-01 11:57:00"
536415,3,0.42,"2010-12-01 11:57:00"
536415,3,0.42,"2010-12-01 11:57:00"
536415,3,0.42,"2010-12-01 11:57:00"
536415,3,2.95,"2010-12-01 11:57:00"
536415,3,4.65,"2010-12-01 11:57:00"
536415,2,1.25,"2010-12-01 11:57:00"
536415,2,3.75,"2010-12-01 11:57:00"
536415,12,2.95,"2010-12-01 11:57:00"
536416,12,1.25,"2010-12-01 11:58:00"
536416,72,1.25,"2010-12-01 11:58:00"
536416,12,1.95,"2010-12-01 11:58:00"
536416,4,9.95,"2010-12-01 11:58:00"
536416,4,9.95,"2010-12-01 11:58:00"
536416,6,2.95,"2010-12-01 11:58:00"
536420,12,1.25,"2010-12-01 12:03:00"
536420,12,1.25,"2010-12-01 12:03:00"
536420,12,1.25,"2010-12-01 12:03:00"
536420,6,2.95,"2010-12-01 12:03:00"
536420,12,1.25,"2010-12-01 12:03:00"
536420,8,2.55,"2010-12-01 12:03:00"
536420,8,2.55,"2010-12-01 12:03:00"
536420,4,3.75,"2010-12-01 12:03:00"
536420,3,4.95,"2010-12-01 12:03:00"
536420,6,2.55,"2010-12-01 12:03:00"
536420,6,2.95,"2010-12-01 12:03:00"
536420,4,4.25,"2010-12-01 12:03:00"
536420,6,2.95,"2010-12-01 12:03:00"
536420,12,1.45,"2010-12-01 12:03:00"
536423,4,3.75,"2010-12-01 12:08:00"
536423,6,2.95,"2010-12-01 12:08:00"
536423,12,2.10,"2010-12-01 12:08:00"
536423,8,4.65,"2010-12-01 12:08:00"
536423,8,3.75,"2010-12-01 12:08:00"
536423,8,4.95,"2010-12-01 12:08:00"
536423,8,3.75,"2010-12-01 12:08:00"
536423,16,4.95,"2010-12-01 12:08:00"
536423,8,3.75,"2010-12-01 12:08:00"
536425,8,4.65,"2010-12-01 12:08:00"
536425,12,1.25,"2010-12-01 12:08:00"
536425,8,4.95,"2010-12-01 12:08:00"
536425,12,2.55,"2010-12-01 12:08:00"
536425,6,2.55,"2010-12-01 12:08:00"
536425,12,1.45,"2010-12-01 12:08:00"
536425,12,1.45,"2010-12-01 12:08:00"
536425,12,1.45,"2010-12-01 12:08:00"
536425,12,1.45,"2010-12-01 12:08:00"
536425,8,3.75,"2010-12-01 12:08:00"
536425,3,4.25,"2010-12-01 12:08:00"
536425,4,3.75,"2010-12-01 12:08:00"
536425,6,3.35,"2010-12-01 12:08:00"
536425,6,3.35,"2010-12-01 12:08:00"
536425,2,9.95,"2010-12-01 12:08:00"
536425,2,9.95,"2010-12-01 12:08:00"
536425,12,1.45,"2010-12-01 12:08:00"
536437,200,1.06,"2010-12-01 12:12:00"
536437,72,3.39,"2010-12-01 12:12:00"
536437,600,0.24,"2010-12-01 12:12:00"
536437,48,1.25,"2010-12-01 12:12:00"
536437,36,3.39,"2010-12-01 12:12:00"
536437,48,1.25,"2010-12-01 12:12:00"
536446,32,0.42,"2010-12-01 12:15:00"
536446,2,1.45,"2010-12-01 12:15:00"
536446,2,2.10,"2010-12-01 12:15:00"
536446,6,1.25,"2010-12-01 12:15:00"
536446,12,1.25,"2010-12-01 12:15:00"
536446,48,1.25,"2010-12-01 12:15:00"
536446,1,1.95,"2010-12-01 12:15:00"
536446,5,0.85,"2010-12-01 12:15:00"
536446,6,2.55,"2010-12-01 12:15:00"
536446,24,1.25,"2010-12-01 12:15:00"
536446,12,1.25,"2010-12-01 12:15:00"
536446,2,1.65,"2010-12-01 12:15:00"
536446,2,1.65,"2010-12-01 12:15:00"
536446,2,1.65,"2010-12-01 12:15:00"
536446,10,0.85,"2010-12-01 12:15:00"
536446,10,0.42,"2010-12-01 12:15:00"
536446,2,2.95,"2010-12-01 12:15:00"
536446,2,1.25,"2010-12-01 12:15:00"
536446,8,3.75,"2010-12-01 12:15:00"
536446,6,1.25,"2010-12-01 12:15:00"
536446,12,2.55,"2010-12-01 12:15:00"
536446,24,1.25,"2010-12-01 12:15:00"
536446,3,1.95,"2010-12-01 12:15:00"
536446,6,1.65,"2010-12-01 12:15:00"
536446,6,1.65,"2010-12-01 12:15:00"
536446,10,2.95,"2010-12-01 12:15:00"
536446,2,9.95,"2010-12-01 12:15:00"
536446,4,2.55,"2010-12-01 12:15:00"
536446,4,2.55,"2010-12-01 12:15:00"
536446,24,0.42,"2010-12-01 12:15:00"
536446,16,0.42,"2010-12-01 12:15:00"
536446,24,1.25,"2010-12-01 12:15:00"
536460,12,1.25,"2010-12-01 12:22:00"
536460,12,2.55,"2010-12-01 12:22:00"
536460,24,0.55,"2010-12-01 12:22:00"
536460,24,1.69,"2010-12-01 12:22:00"
536460,12,1.69,"2010-12-01 12:22:00"
536460,2,5.95,"2010-12-01 12:22:00"
536460,4,5.95,"2010-12-01 12:22:00"
536460,2,5.95,"2010-12-01 12:22:00"
536460,24,0.55,"2010-12-01 12:22:00"
536460,6,4.95,"2010-12-01 12:22:00"
536460,8,3.45,"2010-12-01 12:22:00"
536460,2,5.95,"2010-12-01 12:22:00"
536460,2,7.95,"2010-12-01 12:22:00"
536460,24,1.25,"2010-12-01 12:22:00"
536463,12,1.45,"2010-12-01 12:22:00"
536464,2,4.25,"2010-12-01 12:23:00"
536464,2,1.65,"2010-12-01 12:23:00"
536464,2,4.25,"2010-12-01 12:23:00"
536464,3,1.65,"2010-12-01 12:23:00"
536464,1,1.65,"2010-12-01 12:23:00"
536464,1,4.25,"2010-12-01 12:23:00"
536464,3,4.25,"2010-12-01 12:23:00"
536464,1,4.25,"2010-12-01 12:23:00"
536464,1,1.95,"2010-12-01 12:23:00"
536464,1,1.95,"2010-12-01 12:23:00"
536464,8,1.69,"2010-12-01 12:23:00"
536464,1,2.95,"2010-12-01 12:23:00"
536464,1,1.65,"2010-12-01 12:23:00"
536464,1,3.25,"2010-12-01 12:23:00"
536464,2,2.95,"2010-12-01 12:23:00"
536464,1,0.29,"2010-12-01 12:23:00"
536464,1,0.29,"2010-12-01 12:23:00"
536464,1,1.25,"2010-12-01 12:23:00"
536464,1,1.25,"2010-12-01 12:23:00"
536464,1,1.25,"2010-12-01 12:23:00"
536464,1,1.65,"2010-12-01 12:23:00"
536464,2,1.95,"2010-12-01 12:23:00"
536464,6,1.95,"2010-12-01 12:23:00"
536464,5,0.85,"2010-12-01 12:23:00"
536464,1,0.55,"2010-12-01 12:23:00"
536464,1,3.75,"2010-12-01 12:23:00"
536464,1,0.42,"2010-12-01 12:23:00"
536464,1,2.95,"2010-12-01 12:23:00"
536464,1,2.95,"2010-12-01 12:23:00"
536464,1,1.25,"2010-12-01 12:23:00"
536464,2,1.65,"2010-12-01 12:23:00"
536464,2,0.55,"2010-12-01 12:23:00"
536464,6,0.85,"2010-12-01 12:23:00"
536464,2,1.45,"2010-12-01 12:23:00"
536464,4,1.45,"2010-12-01 12:23:00"
536464,2,1.45,"2010-12-01 12:23:00"
536464,2,0.85,"2010-12-01 12:23:00"
536464,1,2.95,"2010-12-01 12:23:00"
536464,1,0.85,"2010-12-01 12:23:00"
536464,1,0.85,"2010-12-01 12:23:00"
536464,2,0.85,"2010-12-01 12:23:00"
536464,1,2.95,"2010-12-01 12:23:00"
536464,1,1.25,"2010-12-01 12:23:00"
536464,1,1.25,"2010-12-01 12:23:00"
536464,1,1.95,"2010-12-01 12:23:00"
536464,1,1.65,"2010-12-01 12:23:00"
536464,1,1.65,"2010-12-01 12:23:00"
536464,1,1.65,"2010-12-01 12:23:00"
536464,1,2.10,"2010-12-01 12:23:00"
536464,2,1.25,"2010-12-01 12:23:00"
536464,1,2.10,"2010-12-01 12:23:00"
536464,3,2.10,"2010-12-01 12:23:00"
536464,2,1.49,"2010-12-01 12:23:00"
536464,1,2.10,"2010-12-01 12:23:00"
536464,6,0.85,"2010-12-01 12:23:00"
536464,1,2.55,"2010-12-01 12:23:00"
536464,1,0.55,"2010-12-01 12:23:00"
536464,2,0.55,"2010-12-01 12:23:00"
536464,3,1.25,"2010-12-01 12:23:00"
536464,1,1.25,"2010-12-01 12:23:00"
536464,1,1.25,"2010-12-01 12:23:00"
536464,1,1.65,"2010-12-01 12:23:00"
536464,1,1.45,"2010-12-01 12:23:00"
536464,3,0.85,"2010-12-01 12:23:00"
536464,5,0.85,"2010-12-01 12:23:00"
536464,5,1.65,"2010-12-01 12:23:00"
536464,2,4.95,"2010-12-01 12:23:00"
536464,1,2.95,"2010-12-01 12:23:00"
536464,1,1.65,"2010-12-01 12:23:00"
536464,1,1.65,"2010-12-01 12:23:00"
536464,1,1.65,"2010-12-01 12:23:00"
536464,1,2.95,"2010-12-01 12:23:00"
536464,1,2.95,"2010-12-01 12:23:00"
536464,1,7.95,"2010-12-01 12:23:00"
536464,1,1.95,"2010-12-01 12:23:00"
536464,1,4.25,"2010-12-01 12:23:00"
536464,1,0.85,"2010-12-01 12:23:00"
536464,2,0.85,"2010-12-01 12:23:00"
536464,1,2.10,"2010-12-01 12:23:00"
536464,1,0.85,"2010-12-01 12:23:00"
536464,8,1.45,"2010-12-01 12:23:00"
536464,1,2.10,"2010-12-01 12:23:00"
536464,1,2.95,"2010-12-01 12:23:00"
536464,6,0.85,"2010-12-01 12:23:00"
536464,1,1.95,"2010-12-01 12:23:00"
536466,6,4.25,"2010-12-01 12:23:00"
536466,12,1.45,"2010-12-01 12:23:00"
536477,48,1.85,"2010-12-01 12:27:00"
536477,24,3.39,"2010-12-01 12:27:00"
536477,480,3.39,"2010-12-01 12:27:00"
536477,48,2.10,"2010-12-01 12:27:00"
536477,16,1.25,"2010-12-01 12:27:00"
536477,16,1.25,"2010-12-01 12:27:00"
536477,4,3.75,"2010-12-01 12:27:00"
536477,96,0.72,"2010-12-01 12:27:00"
536477,144,0.72,"2010-12-01 12:27:00"
536477,144,0.72,"2010-12-01 12:27:00"
536477,12,2.10,"2010-12-01 12:27:00"
536477,12,2.10,"2010-12-01 12:27:00"
536477,16,10.95,"2010-12-01 12:27:00"
536477,10,1.95,"2010-12-01 12:27:00"
536488,5,1.65,"2010-12-01 12:31:00"
536488,1,8.50,"2010-12-01 12:31:00"
536488,8,4.25,"2010-12-01 12:31:00"
536488,5,1.65,"2010-12-01 12:31:00"
536488,1,3.75,"2010-12-01 12:31:00"
536488,1,2.95,"2010-12-01 12:31:00"
536488,1,1.25,"2010-12-01 12:31:00"
536488,2,1.25,"2010-12-01 12:31:00"
536488,1,2.55,"2010-12-01 12:31:00"
536488,1,2.55,"2010-12-01 12:31:00"
536488,1,2.25,"2010-12-01 12:31:00"
536488,1,0.85,"2010-12-01 12:31:00"
536488,1,2.95,"2010-12-01 12:31:00"
536488,2,0.85,"2010-12-01 12:31:00"
536488,12,0.42,"2010-12-01 12:31:00"
536488,1,2.95,"2010-12-01 12:31:00"
536488,2,6.35,"2010-12-01 12:31:00"
536488,1,2.55,"2010-12-01 12:31:00"
536488,1,4.25,"2010-12-01 12:31:00"
536488,1,1.45,"2010-12-01 12:31:00"
536488,1,4.25,"2010-12-01 12:31:00"
536488,1,6.75,"2010-12-01 12:31:00"
536488,1,0.95,"2010-12-01 12:31:00"
536488,1,4.25,"2010-12-01 12:31:00"
536488,1,2.10,"2010-12-01 12:31:00"
536488,1,2.10,"2010-12-01 12:31:00"
536488,1,1.65,"2010-12-01 12:31:00"
536488,3,1.25,"2010-12-01 12:31:00"
536488,3,1.65,"2010-12-01 12:31:00"
536488,1,4.25,"2010-12-01 12:31:00"
536488,1,1.65,"2010-12-01 12:31:00"
536488,3,2.55,"2010-12-01 12:31:00"
536488,1,1.95,"2010-12-01 12:31:00"
536488,2,2.10,"2010-12-01 12:31:00"
536488,2,2.10,"2010-12-01 12:31:00"
536500,10,4.95,"2010-12-01 12:35:00"
536500,10,1.55,"2010-12-01 12:35:00"
536500,2,1.95,"2010-12-01 12:35:00"
536500,12,0.29,"2010-12-01 12:35:00"
536500,12,0.42,"2010-12-01 12:35:00"
536500,12,0.42,"2010-12-01 12:35:00"
536500,12,0.42,"2010-12-01 12:35:00"
536500,3,3.75,"2010-12-01 12:35:00"
536500,2,3.75,"2010-12-01 12:35:00"
536500,2,3.95,"2010-12-01 12:35:00"
536500,7,2.95,"2010-12-01 12:35:00"
536500,3,2.95,"2010-12-01 12:35:00"
536500,3,2.95,"2010-12-01 12:35:00"
536500,6,5.95,"2010-12-01 12:35:00"
536500,6,5.95,"2010-12-01 12:35:00"
536502,16,1.69,"2010-12-01 12:36:00"
536502,3,4.95,"2010-12-01 12:36:00"
536502,12,0.85,"2010-12-01 12:36:00"
536502,6,2.95,"2010-12-01 12:36:00"
536502,2,12.75,"2010-12-01 12:36:00"
536508,72,1.06,"2010-12-01 12:38:00"
536508,144,0.55,"2010-12-01 12:38:00"
536514,36,2.10,"2010-12-01 12:40:00"
536514,4,12.75,"2010-12-01 12:40:00"
536514,6,2.95,"2010-12-01 12:40:00"
536514,36,2.10,"2010-12-01 12:40:00"
536514,36,2.10,"2010-12-01 12:40:00"
536520,1,6.75,"2010-12-01 12:43:00"
536520,1,1.25,"2010-12-01 12:43:00"
536520,1,2.10,"2010-12-01 12:43:00"
536520,1,5.95,"2010-12-01 12:43:00"
536520,2,2.55,"2010-12-01 12:43:00"
536520,16,0.85,"2010-12-01 12:43:00"
536520,1,2.95,"2010-12-01 12:43:00"
536520,4,2.10,"2010-12-01 12:43:00"
536520,3,2.10,"2010-12-01 12:43:00"
536520,1,1.25,"2010-12-01 12:43:00"
536520,1,1.25,"2010-12-01 12:43:00"
536520,1,12.75,"2010-12-01 12:43:00"
536520,2,3.75,"2010-12-01 12:43:00"
536520,1,2.95,"2010-12-01 12:43:00"
536520,1,3.75,"2010-12-01 12:43:00"
536520,14,0.42,"2010-12-01 12:43:00"
536520,4,2.55,"2010-12-01 12:43:00"
536520,4,2.55,"2010-12-01 12:43:00"
536520,3,2.55,"2010-12-01 12:43:00"
536520,2,1.25,"2010-12-01 12:43:00"
536520,1,1.65,"2010-12-01 12:43:00"
536520,1,1.65,"2010-12-01 12:43:00"
536520,1,1.95,"2010-12-01 12:43:00"
536520,2,1.65,"2010-12-01 12:43:00"
536520,6,1.65,"2010-12-01 12:43:00"
536520,1,0.85,"2010-12-01 12:43:00"
536520,5,1.95,"2010-12-01 12:43:00"
536520,3,1.95,"2010-12-01 12:43:00"
536520,2,0.65,"2010-12-01 12:43:00"
536520,1,0.65,"2010-12-01 12:43:00"
536520,3,0.65,"2010-12-01 12:43:00"
536520,2,0.65,"2010-12-01 12:43:00"
536520,2,0.65,"2010-12-01 12:43:00"
536520,1,0.65,"2010-12-01 12:43:00"
536520,3,2.95,"2010-12-01 12:43:00"
536520,1,1.95,"2010-12-01 12:43:00"
536520,3,3.75,"2010-12-01 12:43:00"
536520,12,1.65,"2010-12-01 12:43:00"
536520,3,2.55,"2010-12-01 12:43:00"
536520,12,0.42,"2010-12-01 12:43:00"
536520,1,2.10,"2010-12-01 12:43:00"
536520,2,2.10,"2010-12-01 12:43:00"
536520,2,2.10,"2010-12-01 12:43:00"
536520,2,2.55,"2010-12-01 12:43:00"
536520,3,2.55,"2010-12-01 12:43:00"
536520,2,1.25,"2010-12-01 12:43:00"
536520,3,2.95,"2010-12-01 12:43:00"
536520,2,2.95,"2010-12-01 12:43:00"
536520,3,0.85,"2010-12-01 12:43:00"
536520,1,1.25,"2010-12-01 12:43:00"
536520,1,1.65,"2010-12-01 12:43:00"
536520,1,1.25,"2010-12-01 12:43:00"
536520,1,1.25,"2010-12-01 12:43:00"
536520,1,2.55,"2010-12-01 12:43:00"
536520,2,1.25,"2010-12-01 12:43:00"
536520,1,1.25,"2010-12-01 12:43:00"
536520,1,1.25,"2010-12-01 12:43:00"
536520,1,1.25,"2010-12-01 12:43:00"
536520,1,1.25,"2010-12-01 12:43:00"
536520,12,0.29,"2010-12-01 12:43:00"
536520,2,2.10,"2010-12-01 12:43:00"
536520,2,0.95,"2010-12-01 12:43:00"
536520,1,1.95,"2010-12-01 12:43:00"
536520,1,2.55,"2010-12-01 12:43:00"
536520,2,1.65,"2010-12-01 12:43:00"
536520,12,0.42,"2010-12-01 12:43:00"
536520,1,1.45,"2010-12-01 12:43:00"
536520,1,2.10,"2010-12-01 12:43:00"
536520,1,1.25,"2010-12-01 12:43:00"
536520,1,2.95,"2010-12-01 12:43:00"
536520,1,9.95,"2010-12-01 12:43:00"
536521,1,4.95,"2010-12-01 12:48:00"
536522,1,3.75,"2010-12-01 12:49:00"
536522,1,2.10,"2010-12-01 12:49:00"
536522,1,2.10,"2010-12-01 12:49:00"
536522,1,3.75,"2010-12-01 12:49:00"
536522,1,1.25,"2010-12-01 12:49:00"
536522,1,3.75,"2010-12-01 12:49:00"
536522,1,2.95,"2010-12-01 12:49:00"
536522,2,3.75,"2010-12-01 12:49:00"
536522,1,4.25,"2010-12-01 12:49:00"
536522,1,0.85,"2010-12-01 12:49:00"
536522,2,2.10,"2010-12-01 12:49:00"
536522,1,2.10,"2010-12-01 12:49:00"
536522,2,2.10,"2010-12-01 12:49:00"
536522,1,9.95,"2010-12-01 12:49:00"
536522,2,0.65,"2010-12-01 12:49:00"
536522,2,1.25,"2010-12-01 12:49:00"
536522,1,3.35,"2010-12-01 12:49:00"
536522,1,1.65,"2010-12-01 12:49:00"
536522,1,0.85,"2010-12-01 12:49:00"
536522,1,1.25,"2010-12-01 12:49:00"
536522,2,0.42,"2010-12-01 12:49:00"
536522,2,1.25,"2010-12-01 12:49:00"
536522,12,0.65,"2010-12-01 12:49:00"
536522,1,4.25,"2010-12-01 12:49:00"
536522,1,12.75,"2010-12-01 12:49:00"
536522,1,0.85,"2010-12-01 12:49:00"
536522,5,1.65,"2010-12-01 12:49:00"
536522,2,1.25,"2010-12-01 12:49:00"
536522,1,8.50,"2010-12-01 12:49:00"
536522,2,1.25,"2010-12-01 12:49:00"
536522,1,0.42,"2010-12-01 12:49:00"
536522,1,1.25,"2010-12-01 12:49:00"
536522,1,2.95,"2010-12-01 12:49:00"
536522,2,3.75,"2010-12-01 12:49:00"
536522,1,1.65,"2010-12-01 12:49:00"
536522,1,3.75,"2010-12-01 12:49:00"
536522,1,1.25,"2010-12-01 12:49:00"
536522,3,1.65,"2010-12-01 12:49:00"
536522,1,5.95,"2010-12-01 12:49:00"
536522,2,1.25,"2010-12-01 12:49:00"
536522,2,2.55,"2010-12-01 12:49:00"
536522,1,5.95,"2010-12-01 12:49:00"
536522,2,3.75,"2010-12-01 12:49:00"
536522,1,1.95,"2010-12-01 12:49:00"
536522,1,1.25,"2010-12-01 12:49:00"
536522,1,1.25,"2010-12-01 12:49:00"
536522,1,5.95,"2010-12-01 12:49:00"
536522,1,0.85,"2010-12-01 12:49:00"
536522,1,3.75,"2010-12-01 12:49:00"
536522,1,2.10,"2010-12-01 12:49:00"
536522,1,1.25,"2010-12-01 12:49:00"
536522,3,1.25,"2010-12-01 12:49:00"
536522,1,1.95,"2010-12-01 12:49:00"
536522,1,1.95,"2010-12-01 12:49:00"
536523,6,4.95,"2010-12-01 12:50:00"
536523,2,6.75,"2010-12-01 12:50:00"
536523,6,2.10,"2010-12-01 12:50:00"
536523,3,4.95,"2010-12-01 12:50:00"
536523,2,5.95,"2010-12-01 12:50:00"
536523,12,1.45,"2010-12-01 12:50:00"
536523,6,2.95,"2010-12-01 12:50:00"
536523,12,1.25,"2010-12-01 12:50:00"
536523,24,0.65,"2010-12-01 12:50:00"
536523,12,0.85,"2010-12-01 12:50:00"
536523,3,4.95,"2010-12-01 12:50:00"
536523,24,1.25,"2010-12-01 12:50:00"
536524,6,2.95,"2010-12-01 12:51:00"
536524,6,2.95,"2010-12-01 12:51:00"
536524,6,2.95,"2010-12-01 12:51:00"
536524,6,2.95,"2010-12-01 12:51:00"
536525,2,1.25,"2010-12-01 12:54:00"
536525,1,1.25,"2010-12-01 12:54:00"
536525,1,1.25,"2010-12-01 12:54:00"
536525,1,2.10,"2010-12-01 12:54:00"
536525,2,0.42,"2010-12-01 12:54:00"
536525,2,12.75,"2010-12-01 12:54:00"
536525,1,4.25,"2010-12-01 12:54:00"
536525,1,6.95,"2010-12-01 12:54:00"
536525,3,0.65,"2010-12-01 12:54:00"
536525,2,0.65,"2010-12-01 12:54:00"
536525,1,2.95,"2010-12-01 12:54:00"
536525,2,2.95,"2010-12-01 12:54:00"
536525,10,7.95,"2010-12-01 12:54:00"
536526,16,1.69,"2010-12-01 12:58:00"
536526,16,2.95,"2010-12-01 12:58:00"
536526,2,8.50,"2010-12-01 12:58:00"
536526,6,8.50,"2010-12-01 12:58:00"
536526,6,8.50,"2010-12-01 12:58:00"
536526,20,1.95,"2010-12-01 12:58:00"
536526,10,1.95,"2010-12-01 12:58:00"
536526,10,1.95,"2010-12-01 12:58:00"
536526,8,3.75,"2010-12-01 12:58:00"
536527,6,2.95,"2010-12-01 13:04:00"
536527,6,2.55,"2010-12-01 13:04:00"
536527,12,0.85,"2010-12-01 13:04:00"
536527,12,1.65,"2010-12-01 13:04:00"
536527,12,1.95,"2010-12-01 13:04:00"
536527,12,1.65,"2010-12-01 13:04:00"
536527,24,0.42,"2010-12-01 13:04:00"
536527,10,1.95,"2010-12-01 13:04:00"
536527,10,1.95,"2010-12-01 13:04:00"
536527,4,4.65,"2010-12-01 13:04:00"
536527,12,1.45,"2010-12-01 13:04:00"
536527,12,1.65,"2010-12-01 13:04:00"
536527,12,1.25,"2010-12-01 13:04:00"
536527,12,1.45,"2010-12-01 13:04:00"
536527,1,18.00,"2010-12-01 13:04:00"
536528,12,0.42,"2010-12-01 13:17:00"
536528,1,2.10,"2010-12-01 13:17:00"
536528,6,1.25,"2010-12-01 13:17:00"
536528,1,2.55,"2010-12-01 13:17:00"
536528,1,1.45,"2010-12-01 13:17:00"
536528,1,1.65,"2010-12-01 13:17:00"
536528,3,1.95,"2010-12-01 13:17:00"
536528,6,1.25,"2010-12-01 13:17:00"
536528,1,14.95,"2010-12-01 13:17:00"
536528,2,2.55,"2010-12-01 13:17:00"
536528,12,0.85,"2010-12-01 13:17:00"
536528,3,1.95,"2010-12-01 13:17:00"
536528,1,1.95,"2010-12-01 13:17:00"
536528,2,1.65,"2010-12-01 13:17:00"
536528,1,0.29,"2010-12-01 13:17:00"
536528,1,2.95,"2010-12-01 13:17:00"
536528,1,2.10,"2010-12-01 13:17:00"
536528,1,2.95,"2010-12-01 13:17:00"
536528,4,2.95,"2010-12-01 13:17:00"
536528,1,1.65,"2010-12-01 13:17:00"
536528,1,1.25,"2010-12-01 13:17:00"
536528,2,1.65,"2010-12-01 13:17:00"
536528,1,1.25,"2010-12-01 13:17:00"
536528,2,2.10,"2010-12-01 13:17:00"
536528,3,2.10,"2010-12-01 13:17:00"
536528,3,2.95,"2010-12-01 13:17:00"
536528,2,0.85,"2010-12-01 13:17:00"
536528,1,4.25,"2010-12-01 13:17:00"
536528,1,1.65,"2010-12-01 13:17:00"
536528,1,1.65,"2010-12-01 13:17:00"
536528,2,1.65,"2010-12-01 13:17:00"
536528,1,12.75,"2010-12-01 13:17:00"
536528,2,2.95,"2010-12-01 13:17:00"
536528,1,1.95,"2010-12-01 13:17:00"
536528,3,1.95,"2010-12-01 13:17:00"
536528,2,2.55,"2010-12-01 13:17:00"
536528,2,2.95,"2010-12-01 13:17:00"
536528,1,2.95,"2010-12-01 13:17:00"
536528,1,2.95,"2010-12-01 13:17:00"
536528,5,1.25,"2010-12-01 13:17:00"
536528,1,2.95,"2010-12-01 13:17:00"
536528,1,2.95,"2010-12-01 13:17:00"
536528,1,2.95,"2010-12-01 13:17:00"
536528,2,2.95,"2010-12-01 13:17:00"
536528,1,1.45,"2010-12-01 13:17:00"
536528,1,1.95,"2010-12-01 13:17:00"
536528,2,2.95,"2010-12-01 13:17:00"
536528,1,2.95,"2010-12-01 13:17:00"
536528,1,1.45,"2010-12-01 13:17:00"
536528,4,2.95,"2010-12-01 13:17:00"
536528,3,3.75,"2010-12-01 13:17:00"
536528,1,3.75,"2010-12-01 13:17:00"
536528,1,9.95,"2010-12-01 13:17:00"
536528,1,9.95,"2010-12-01 13:17:00"
536528,1,9.95,"2010-12-01 13:17:00"
536528,1,14.95,"2010-12-01 13:17:00"
536528,3,9.95,"2010-12-01 13:17:00"
536529,3,4.95,"2010-12-01 13:20:00"
536529,2,16.95,"2010-12-01 13:20:00"
536529,6,2.95,"2010-12-01 13:20:00"
536529,4,4.25,"2010-12-01 13:20:00"
536529,6,2.95,"2010-12-01 13:20:00"
536529,12,0.85,"2010-12-01 13:20:00"
536529,1,12.75,"2010-12-01 13:20:00"
536529,2,8.50,"2010-12-01 13:20:00"
536529,2,9.95,"2010-12-01 13:20:00"
536530,2,2.95,"2010-12-01 13:21:00"
536530,1,2.95,"2010-12-01 13:21:00"
536530,1,6.95,"2010-12-01 13:21:00"
536530,4,2.95,"2010-12-01 13:21:00"
536530,24,1.25,"2010-12-01 13:21:00"
536530,1,8.50,"2010-12-01 13:21:00"
536530,1,9.95,"2010-12-01 13:21:00"
536530,1,12.75,"2010-12-01 13:21:00"
536530,1,2.95,"2010-12-01 13:21:00"
536530,1,6.95,"2010-12-01 13:21:00"
536530,1,19.95,"2010-12-01 13:21:00"
536530,1,1.25,"2010-12-01 13:21:00"
536530,1,1.45,"2010-12-01 13:21:00"
536530,1,1.25,"2010-12-01 13:21:00"
536530,4,1.65,"2010-12-01 13:21:00"
536530,1,1.25,"2010-12-01 13:21:00"
536530,1,5.95,"2010-12-01 13:21:00"
536530,8,2.95,"2010-12-01 13:21:00"
536530,6,1.45,"2010-12-01 13:21:00"
536530,1,3.95,"2010-12-01 13:21:00"
536530,2,3.75,"2010-12-01 13:21:00"
536530,2,4.95,"2010-12-01 13:21:00"
536530,6,1.95,"2010-12-01 13:21:00"
536531,24,0.42,"2010-12-01 13:23:00"
536531,24,0.42,"2010-12-01 13:23:00"
536531,24,0.42,"2010-12-01 13:23:00"
536531,25,0.42,"2010-12-01 13:23:00"
536531,25,0.42,"2010-12-01 13:23:00"
536531,12,5.95,"2010-12-01 13:23:00"
536531,12,5.95,"2010-12-01 13:23:00"
536531,12,5.95,"2010-12-01 13:23:00"
536531,25,0.42,"2010-12-01 13:23:00"
536531,25,0.42,"2010-12-01 13:23:00"
536531,25,0.42,"2010-12-01 13:23:00"
536531,12,2.95,"2010-12-01 13:23:00"
536531,9,3.75,"2010-12-01 13:23:00"
536531,9,3.75,"2010-12-01 13:23:00"
536531,9,3.75,"2010-12-01 13:23:00"
536531,80,2.55,"2010-12-01 13:23:00"
536531,40,2.55,"2010-12-01 13:23:00"
536531,2,8.50,"2010-12-01 13:23:00"
536531,4,8.50,"2010-12-01 13:23:00"
536531,4,8.50,"2010-12-01 13:23:00"
536531,4,8.50,"2010-12-01 13:23:00"
536531,4,7.95,"2010-12-01 13:23:00"
536531,6,9.95,"2010-12-01 13:23:00"
536532,50,0.42,"2010-12-01 13:24:00"
536532,96,1.06,"2010-12-01 13:24:00"
536532,8,2.10,"2010-12-01 13:24:00"
536532,8,1.95,"2010-12-01 13:24:00"
536532,24,1.65,"2010-12-01 13:24:00"
536532,36,1.65,"2010-12-01 13:24:00"
536532,24,1.65,"2010-12-01 13:24:00"
536532,24,1.65,"2010-12-01 13:24:00"
536532,24,1.65,"2010-12-01 13:24:00"
536532,24,0.42,"2010-12-01 13:24:00"
536532,24,0.42,"2010-12-01 13:24:00"
536532,24,0.42,"2010-12-01 13:24:00"
536532,24,0.42,"2010-12-01 13:24:00"
536532,24,0.42,"2010-12-01 13:24:00"
536532,24,0.42,"2010-12-01 13:24:00"
536532,24,0.42,"2010-12-01 13:24:00"
536532,24,0.42,"2010-12-01 13:24:00"
536532,24,1.65,"2010-12-01 13:24:00"
536532,24,0.42,"2010-12-01 13:24:00"
536532,12,0.42,"2010-12-01 13:24:00"
536532,12,0.42,"2010-12-01 13:24:00"
536532,12,0.42,"2010-12-01 13:24:00"
536532,12,0.42,"2010-12-01 13:24:00"
536532,12,2.10,"2010-12-01 13:24:00"
536532,12,2.10,"2010-12-01 13:24:00"
536532,12,2.10,"2010-12-01 13:24:00"
536532,8,3.95,"2010-12-01 13:24:00"
536532,48,0.29,"2010-12-01 13:24:00"
536532,48,0.29,"2010-12-01 13:24:00"
536532,48,0.29,"2010-12-01 13:24:00"
536532,12,1.25,"2010-12-01 13:24:00"
536532,48,0.29,"2010-12-01 13:24:00"
536532,48,0.29,"2010-12-01 13:24:00"
536532,48,0.29,"2010-12-01 13:24:00"
536532,48,0.29,"2010-12-01 13:24:00"
536532,12,1.25,"2010-12-01 13:24:00"
536532,12,1.25,"2010-12-01 13:24:00"
536532,48,0.29,"2010-12-01 13:24:00"
536532,36,1.65,"2010-12-01 13:24:00"
536532,24,0.42,"2010-12-01 13:24:00"
536532,36,0.85,"2010-12-01 13:24:00"
536532,12,0.85,"2010-12-01 13:24:00"
536532,12,0.85,"2010-12-01 13:24:00"
536532,24,1.45,"2010-12-01 13:24:00"
536532,24,2.10,"2010-12-01 13:24:00"
536532,24,1.25,"2010-12-01 13:24:00"
536532,24,1.25,"2010-12-01 13:24:00"
536532,24,1.25,"2010-12-01 13:24:00"
536532,24,1.25,"2010-12-01 13:24:00"
536532,12,2.10,"2010-12-01 13:24:00"
536532,72,1.25,"2010-12-01 13:24:00"
536532,24,0.55,"2010-12-01 13:24:00"
536532,24,0.55,"2010-12-01 13:24:00"
536532,24,0.55,"2010-12-01 13:24:00"
536532,24,0.55,"2010-12-01 13:24:00"
536532,24,0.55,"2010-12-01 13:24:00"
536532,48,1.65,"2010-12-01 13:24:00"
536532,72,0.85,"2010-12-01 13:24:00"
536532,12,1.25,"2010-12-01 13:24:00"
536532,12,2.95,"2010-12-01 13:24:00"
536532,12,2.95,"2010-12-01 13:24:00"
536532,12,2.95,"2010-12-01 13:24:00"
536532,24,1.49,"2010-12-01 13:24:00"
536532,24,1.25,"2010-12-01 13:24:00"
536532,12,2.55,"2010-12-01 13:24:00"
536532,12,1.95,"2010-12-01 13:24:00"
536532,24,2.10,"2010-12-01 13:24:00"
536532,24,2.10,"2010-12-01 13:24:00"
536532,6,2.95,"2010-12-01 13:24:00"
536532,2,7.95,"2010-12-01 13:24:00"
536532,6,6.75,"2010-12-01 13:24:00"
536532,24,1.25,"2010-12-01 13:24:00"
536532,12,3.25,"2010-12-01 13:24:00"
536533,6,2.10,"2010-12-01 13:31:00"
536533,48,0.85,"2010-12-01 13:31:00"
536533,2,7.95,"2010-12-01 13:31:00"
536533,20,1.25,"2010-12-01 13:31:00"
536533,3,16.95,"2010-12-01 13:31:00"
536533,1,10.95,"2010-12-01 13:31:00"
536534,12,2.10,"2010-12-01 13:33:00"
536534,12,2.10,"2010-12-01 13:33:00"
536534,12,2.10,"2010-12-01 13:33:00"
536534,12,2.10,"2010-12-01 13:33:00"
536534,3,4.95,"2010-12-01 13:33:00"
536535,3,4.95,"2010-12-01 13:38:00"
536535,3,4.95,"2010-12-01 13:38:00"
536535,3,5.95,"2010-12-01 13:38:00"
536535,3,6.95,"2010-12-01 13:38:00"
536535,3,4.95,"2010-12-01 13:38:00"
536535,12,0.85,"2010-12-01 13:38:00"
536535,2,7.95,"2010-12-01 13:38:00"
536535,2,7.95,"2010-12-01 13:38:00"
536535,2,7.95,"2010-12-01 13:38:00"
536535,8,1.95,"2010-12-01 13:38:00"
536535,24,0.85,"2010-12-01 13:38:00"
536535,6,2.95,"2010-12-01 13:38:00"
536536,3,4.95,"2010-12-01 13:45:00"
536536,80,1.69,"2010-12-01 13:45:00"
536536,12,1.25,"2010-12-01 13:45:00"
536537,36,2.10,"2010-12-01 13:51:00"
536537,8,1.65,"2010-12-01 13:51:00"
536537,36,1.25,"2010-12-01 13:51:00"
536537,12,2.95,"2010-12-01 13:51:00"
536537,12,2.95,"2010-12-01 13:51:00"
536537,6,6.75,"2010-12-01 13:51:00"
536537,2,12.75,"2010-12-01 13:51:00"
536537,8,2.95,"2010-12-01 13:51:00"
536537,8,3.75,"2010-12-01 13:51:00"
536537,8,3.75,"2010-12-01 13:51:00"
536537,2,7.65,"2010-12-01 13:51:00"
536538,1,3.75,"2010-12-01 13:54:00"
536538,1,3.75,"2010-12-01 13:54:00"
536538,1,3.75,"2010-12-01 13:54:00"
536538,1,3.75,"2010-12-01 13:54:00"
536538,1,7.95,"2010-12-01 13:54:00"
536538,1,7.95,"2010-12-01 13:54:00"
536538,1,7.95,"2010-12-01 13:54:00"
536538,12,1.25,"2010-12-01 13:54:00"
536538,6,1.65,"2010-12-01 13:54:00"
536538,5,2.95,"2010-12-01 13:54:00"
536538,5,2.95,"2010-12-01 13:54:00"
536538,2,2.95,"2010-12-01 13:54:00"
536538,4,3.75,"2010-12-01 13:54:00"
536538,2,8.50,"2010-12-01 13:54:00"
536538,6,1.65,"2010-12-01 13:54:00"
536538,1,2.95,"2010-12-01 13:54:00"
536538,5,1.65,"2010-12-01 13:54:00"
536538,2,2.95,"2010-12-01 13:54:00"
536538,8,1.65,"2010-12-01 13:54:00"
536538,2,2.95,"2010-12-01 13:54:00"
536538,2,2.55,"2010-12-01 13:54:00"
536538,2,2.55,"2010-12-01 13:54:00"
536538,3,1.95,"2010-12-01 13:54:00"
536538,2,4.25,"2010-12-01 13:54:00"
536538,10,0.85,"2010-12-01 13:54:00"
536538,10,0.85,"2010-12-01 13:54:00"
536538,10,0.85,"2010-12-01 13:54:00"
536538,10,0.85,"2010-12-01 13:54:00"
536538,10,0.85,"2010-12-01 13:54:00"
536538,10,0.65,"2010-12-01 13:54:00"
536538,10,0.42,"2010-12-01 13:54:00"
536539,12,1.45,"2010-12-01 14:03:00"
536539,18,1.45,"2010-12-01 14:03:00"
536539,4,3.75,"2010-12-01 14:03:00"
536539,6,2.95,"2010-12-01 14:03:00"
536539,2,8.50,"2010-12-01 14:03:00"
536539,2,7.95,"2010-12-01 14:03:00"
536539,8,2.95,"2010-12-01 14:03:00"
536539,1,18.95,"2010-12-01 14:03:00"
536539,2,7.95,"2010-12-01 14:03:00"
536539,2,7.95,"2010-12-01 14:03:00"
536539,2,7.95,"2010-12-01 14:03:00"
536539,3,6.95,"2010-12-01 14:03:00"
536539,6,2.95,"2010-12-01 14:03:00"
536539,2,12.75,"2010-12-01 14:03:00"
536539,6,2.95,"2010-12-01 14:03:00"
536539,12,1.65,"2010-12-01 14:03:00"
536539,12,1.65,"2010-12-01 14:03:00"
536539,4,4.25,"2010-12-01 14:03:00"
536539,3,4.25,"2010-12-01 14:03:00"
536539,2,6.35,"2010-12-01 14:03:00"
536539,8,1.65,"2010-12-01 14:03:00"
536539,12,2.10,"2010-12-01 14:03:00"
536539,12,2.10,"2010-12-01 14:03:00"
536539,4,4.25,"2010-12-01 14:03:00"
536539,4,3.95,"2010-12-01 14:03:00"
536539,6,2.95,"2010-12-01 14:03:00"
536539,5,2.10,"2010-12-01 14:03:00"
536540,4,9.95,"2010-12-01 14:05:00"
536540,6,2.95,"2010-12-01 14:05:00"
536540,6,2.55,"2010-12-01 14:05:00"
536540,50,0.85,"2010-12-01 14:05:00"
536540,6,2.25,"2010-12-01 14:05:00"
536540,6,2.25,"2010-12-01 14:05:00"
536540,12,1.45,"2010-12-01 14:05:00"
536540,12,1.95,"2010-12-01 14:05:00"
536540,36,0.65,"2010-12-01 14:05:00"
536540,24,1.65,"2010-12-01 14:05:00"
536540,12,1.69,"2010-12-01 14:05:00"
536540,2,7.95,"2010-12-01 14:05:00"
536540,2,7.95,"2010-12-01 14:05:00"
536540,2,7.95,"2010-12-01 14:05:00"
536540,4,8.95,"2010-12-01 14:05:00"
536540,4,8.95,"2010-12-01 14:05:00"
536540,24,1.25,"2010-12-01 14:05:00"
536540,12,1.25,"2010-12-01 14:05:00"
536540,6,9.95,"2010-12-01 14:05:00"
536540,1,50.00,"2010-12-01 14:05:00"
536541,12,1.25,"2010-12-01 14:05:00"
536542,10,1.65,"2010-12-01 14:11:00"
536542,10,1.65,"2010-12-01 14:11:00"
536542,20,1.65,"2010-12-01 14:11:00"
536542,30,1.95,"2010-12-01 14:11:00"
536542,40,1.95,"2010-12-01 14:11:00"
536542,20,2.10,"2010-12-01 14:11:00"
536542,20,1.95,"2010-12-01 14:11:00"
536542,30,1.95,"2010-12-01 14:11:00"
536542,20,1.95,"2010-12-01 14:11:00"
536542,20,1.95,"2010-12-01 14:11:00"
536542,20,1.95,"2010-12-01 14:11:00"
536542,30,1.95,"2010-12-01 14:11:00"
536542,40,1.95,"2010-12-01 14:11:00"
536542,20,1.95,"2010-12-01 14:11:00"
536542,30,1.95,"2010-12-01 14:11:00"
536542,32,2.95,"2010-12-01 14:11:00"
536544,1,2.51,"2010-12-01 14:32:00"
536544,2,2.51,"2010-12-01 14:32:00"
536544,4,0.85,"2010-12-01 14:32:00"
536544,2,1.66,"2010-12-01 14:32:00"
536544,9,1.66,"2010-12-01 14:32:00"
536544,2,2.51,"2010-12-01 14:32:00"
536544,10,0.43,"2010-12-01 14:32:00"
536544,9,0.43,"2010-12-01 14:32:00"
536544,11,0.43,"2010-12-01 14:32:00"
536544,1,2.51,"2010-12-01 14:32:00"
536544,3,2.51,"2010-12-01 14:32:00"
536544,1,2.51,"2010-12-01 14:32:00"
536544,1,7.62,"2010-12-01 14:32:00"
536544,1,4.21,"2010-12-01 14:32:00"
536544,2,2.98,"2010-12-01 14:32:00"
536544,2,5.91,"2010-12-01 14:32:00"
536544,1,4.21,"2010-12-01 14:32:00"
536544,1,3.36,"2010-12-01 14:32:00"
536544,5,3.36,"2010-12-01 14:32:00"
536544,1,3.36,"2010-12-01 14:32:00"
536544,1,1.66,"2010-12-01 14:32:00"
536544,1,1.66,"2010-12-01 14:32:00"
536544,1,7.62,"2010-12-01 14:32:00"
536544,2,2.51,"2010-12-01 14:32:00"
536544,3,2.51,"2010-12-01 14:32:00"
536544,1,2.51,"2010-12-01 14:32:00"
536544,1,3.36,"2010-12-01 14:32:00"
536544,3,7.62,"2010-12-01 14:32:00"
536544,1,7.62,"2010-12-01 14:32:00"
536544,3,2.51,"2010-12-01 14:32:00"
536544,2,2.51,"2010-12-01 14:32:00"
536544,2,16.98,"2010-12-01 14:32:00"
536544,1,4.21,"2010-12-01 14:32:00"
536544,1,3.36,"2010-12-01 14:32:00"
536544,2,1.66,"2010-12-01 14:32:00"
536544,1,1.66,"2010-12-01 14:32:00"
536544,1,2.51,"2010-12-01 14:32:00"
536544,1,1.28,"2010-12-01 14:32:00"
536544,1,1.28,"2010-12-01 14:32:00"
536544,1,0.85,"2010-12-01 14:32:00"
536544,2,2.51,"2010-12-01 14:32:00"
536544,1,2.51,"2010-12-01 14:32:00"
536544,6,2.51,"2010-12-01 14:32:00"
536544,4,2.51,"2010-12-01 14:32:00"
536544,1,0.85,"2010-12-01 14:32:00"
536544,1,0.43,"2010-12-01 14:32:00"
536544,1,3.36,"2010-12-01 14:32:00"
536544,1,3.36,"2010-12-01 14:32:00"
536544,1,3.36,"2010-12-01 14:32:00"
536544,1,3.36,"2010-12-01 14:32:00"
536544,1,3.36,"2010-12-01 14:32:00"
536544,1,7.62,"2010-12-01 14:32:00"
536544,1,3.36,"2010-12-01 14:32:00"
536544,1,3.36,"2010-12-01 14:32:00"
536544,3,3.36,"2010-12-01 14:32:00"
536544,1,3.36,"2010-12-01 14:32:00"
536544,1,3.36,"2010-12-01 14:32:00"
536544,1,3.36,"2010-12-01 14:32:00"
536544,4,5.91,"2010-12-01 14:32:00"
536544,33,5.91,"2010-12-01 14:32:00"
536544,2,5.91,"2010-12-01 14:32:00"
536544,1,5.91,"2010-12-01 14:32:00"
536544,2,2.51,"2010-12-01 14:32:00"
536544,1,2.51,"2010-12-01 14:32:00"
536544,1,7.62,"2010-12-01 14:32:00"
536544,2,7.62,"2010-12-01 14:32:00"
536544,2,11.02,"2010-12-01 14:32:00"
536544,2,11.02,"2010-12-01 14:32:00"
536544,3,8.47,"2010-12-01 14:32:00"
536544,2,5.91,"2010-12-01 14:32:00"
536544,2,8.47,"2010-12-01 14:32:00"
536544,1,0.85,"2010-12-01 14:32:00"
536544,5,0.85,"2010-12-01 14:32:00"
536544,4,4.21,"2010-12-01 14:32:00"
536544,4,4.21,"2010-12-01 14:32:00"
536544,1,4.21,"2010-12-01 14:32:00"
536544,1,0.85,"2010-12-01 14:32:00"
536544,1,0.85,"2010-12-01 14:32:00"
536544,3,0.85,"2010-12-01 14:32:00"
536544,3,1.66,"2010-12-01 14:32:00"
536544,10,0.81,"2010-12-01 14:32:00"
536544,2,3.36,"2010-12-01 14:32:00"
536544,1,16.98,"2010-12-01 14:32:00"
536544,2,3.36,"2010-12-01 14:32:00"
536544,13,2.51,"2010-12-01 14:32:00"
536544,1,4.21,"2010-12-01 14:32:00"
536544,1,3.36,"2010-12-01 14:32:00"
536544,1,8.47,"2010-12-01 14:32:00"
536544,3,2.51,"2010-12-01 14:32:00"
536544,1,3.36,"2010-12-01 14:32:00"
536544,2,1.66,"2010-12-01 14:32:00"
536544,2,1.66,"2010-12-01 14:32:00"
536544,4,3.36,"2010-12-01 14:32:00"
536544,1,7.62,"2010-12-01 14:32:00"
536544,1,8.47,"2010-12-01 14:32:00"
536544,3,1.66,"2010-12-01 14:32:00"
536544,1,5.91,"2010-12-01 14:32:00"
536544,2,1.28,"2010-12-01 14:32:00"
536544,1,5.91,"2010-12-01 14:32:00"
536544,4,2.51,"2010-12-01 14:32:00"
536544,1,3.36,"2010-12-01 14:32:00"
536544,1,2.51,"2010-12-01 14:32:00"
536544,1,2.51,"2010-12-01 14:32:00"
536544,1,5.06,"2010-12-01 14:32:00"
536544,2,5.06,"2010-12-01 14:32:00"
536544,1,5.06,"2010-12-01 14:32:00"
536544,9,3.36,"2010-12-01 14:32:00"
536544,1,5.91,"2010-12-01 14:32:00"
536544,1,5.91,"2010-12-01 14:32:00"
536544,4,1.28,"2010-12-01 14:32:00"
536544,4,1.28,"2010-12-01 14:32:00"
536544,1,1.66,"2010-12-01 14:32:00"
536544,3,1.66,"2010-12-01 14:32:00"
536544,3,1.66,"2010-12-01 14:32:00"
536544,9,1.66,"2010-12-01 14:32:00"
536544,1,8.47,"2010-12-01 14:32:00"
536544,2,5.91,"2010-12-01 14:32:00"
536544,2,5.91,"2010-12-01 14:32:00"
536544,2,5.91,"2010-12-01 14:32:00"
536544,1,4.21,"2010-12-01 14:32:00"
536544,1,8.47,"2010-12-01 14:32:00"
536544,2,8.47,"2010-12-01 14:32:00"
536544,1,8.47,"2010-12-01 14:32:00"
536544,2,4.21,"2010-12-01 14:32:00"
536544,2,4.21,"2010-12-01 14:32:00"
536544,1,4.21,"2010-12-01 14:32:00"
536544,1,4.21,"2010-12-01 14:32:00"
536544,2,4.21,"2010-12-01 14:32:00"
536544,1,5.06,"2010-12-01 14:32:00"
536544,1,2.51,"2010-12-01 14:32:00"
536544,1,1.66,"2010-12-01 14:32:00"
536544,4,0.85,"2010-12-01 14:32:00"
536544,2,1.28,"2010-12-01 14:32:00"
536544,40,12.72,"2010-12-01 14:32:00"
536544,1,10.17,"2010-12-01 14:32:00"
536544,1,4.21,"2010-12-01 14:32:00"
536544,1,1.66,"2010-12-01 14:32:00"
536544,1,2.51,"2010-12-01 14:32:00"
536544,2,6.77,"2010-12-01 14:32:00"
536544,6,5.91,"2010-12-01 14:32:00"
536544,8,3.36,"2010-12-01 14:32:00"
536544,1,5.91,"2010-12-01 14:32:00"
536544,1,11.02,"2010-12-01 14:32:00"
536544,1,11.02,"2010-12-01 14:32:00"
536544,2,2.51,"2010-12-01 14:32:00"
536544,1,2.51,"2010-12-01 14:32:00"
536544,1,2.51,"2010-12-01 14:32:00"
536544,1,20.38,"2010-12-01 14:32:00"
536544,1,0.85,"2010-12-01 14:32:00"
536544,2,2.51,"2010-12-01 14:32:00"
536544,2,8.47,"2010-12-01 14:32:00"
536544,1,4.21,"2010-12-01 14:32:00"
536544,1,4.21,"2010-12-01 14:32:00"
536544,1,4.21,"2010-12-01 14:32:00"
536544,5,0.85,"2010-12-01 14:32:00"
536544,8,0.85,"2010-12-01 14:32:00"
536544,4,0.85,"2010-12-01 14:32:00"
536544,1,0.85,"2010-12-01 14:32:00"
536544,1,0.85,"2010-12-01 14:32:00"
536544,1,2.51,"2010-12-01 14:32:00"
536544,1,3.36,"2010-12-01 14:32:00"
536544,2,7.62,"2010-12-01 14:32:00"
536544,1,3.36,"2010-12-01 14:32:00"
536544,1,3.36,"2010-12-01 14:32:00"
536544,4,2.51,"2010-12-01 14:32:00"
536544,1,2.51,"2010-12-01 14:32:00"
536544,1,7.62,"2010-12-01 14:32:00"
536544,1,1.66,"2010-12-01 14:32:00"
536544,5,1.66,"2010-12-01 14:32:00"
536544,1,1.66,"2010-12-01 14:32:00"
536544,1,11.87,"2010-12-01 14:32:00"
536544,1,5.06,"2010-12-01 14:32:00"
536544,1,5.06,"2010-12-01 14:32:00"
536544,3,5.06,"2010-12-01 14:32:00"
536544,1,5.06,"2010-12-01 14:32:00"
536544,1,1.66,"2010-12-01 14:32:00"
536544,1,1.66,"2010-12-01 14:32:00"
536544,2,1.66,"2010-12-01 14:32:00"
536544,4,1.66,"2010-12-01 14:32:00"
536544,1,25.49,"2010-12-01 14:32:00"
536544,1,0.85,"2010-12-01 14:32:00"
536544,3,0.85,"2010-12-01 14:32:00"
536544,7,2.51,"2010-12-01 14:32:00"
536544,2,16.98,"2010-12-01 14:32:00"
536544,1,4.21,"2010-12-01 14:32:00"
536544,1,4.21,"2010-12-01 14:32:00"
536544,1,20.38,"2010-12-01 14:32:00"
536544,1,5.06,"2010-12-01 14:32:00"
536544,1,3.36,"2010-12-01 14:32:00"
536544,1,3.36,"2010-12-01 14:32:00"
536544,1,3.36,"2010-12-01 14:32:00"
536544,3,1.66,"2010-12-01 14:32:00"
536544,1,11.87,"2010-12-01 14:32:00"
536544,2,4.21,"2010-12-01 14:32:00"
536544,4,4.21,"2010-12-01 14:32:00"
536544,1,5.91,"2010-12-01 14:32:00"
536544,2,5.91,"2010-12-01 14:32:00"
536544,1,5.91,"2010-12-01 14:32:00"
536544,2,2.51,"2010-12-01 14:32:00"
536544,4,4.21,"2010-12-01 14:32:00"
536544,2,3.36,"2010-12-01 14:32:00"
536544,6,5.91,"2010-12-01 14:32:00"
536544,2,5.91,"2010-12-01 14:32:00"
536544,1,2.51,"2010-12-01 14:32:00"
536544,2,7.62,"2010-12-01 14:32:00"
536544,1,7.62,"2010-12-01 14:32:00"
536544,2,7.62,"2010-12-01 14:32:00"
536544,1,7.62,"2010-12-01 14:32:00"
536544,3,5.06,"2010-12-01 14:32:00"
536544,1,3.36,"2010-12-01 14:32:00"
536544,3,3.36,"2010-12-01 14:32:00"
536544,1,3.36,"2010-12-01 14:32:00"
536544,13,1.66,"2010-12-01 14:32:00"
536544,8,1.66,"2010-12-01 14:32:00"
536544,1,5.91,"2010-12-01 14:32:00"
536544,1,4.21,"2010-12-01 14:32:00"
536544,1,4.21,"2010-12-01 14:32:00"
536544,3,1.66,"2010-12-01 14:32:00"
536544,3,2.51,"2010-12-01 14:32:00"
536544,2,2.51,"2010-12-01 14:32:00"
536544,3,3.36,"2010-12-01 14:32:00"
536544,1,25.49,"2010-12-01 14:32:00"
536544,1,51.02,"2010-12-01 14:32:00"
536544,3,2.51,"2010-12-01 14:32:00"
536544,2,1.66,"2010-12-01 14:32:00"
536544,2,5.91,"2010-12-01 14:32:00"
536544,2,4.21,"2010-12-01 14:32:00"
536544,1,4.21,"2010-12-01 14:32:00"
536544,4,0.85,"2010-12-01 14:32:00"
536544,6,0.85,"2010-12-01 14:32:00"
536544,1,12.72,"2010-12-01 14:32:00"
536544,4,9.32,"2010-12-01 14:32:00"
536544,1,9.32,"2010-12-01 14:32:00"
536544,1,16.98,"2010-12-01 14:32:00"
536544,1,34.00,"2010-12-01 14:32:00"
536544,1,8.47,"2010-12-01 14:32:00"
536544,1,4.21,"2010-12-01 14:32:00"
536544,4,4.21,"2010-12-01 14:32:00"
536544,4,4.21,"2010-12-01 14:32:00"
536544,1,4.21,"2010-12-01 14:32:00"
536544,2,4.21,"2010-12-01 14:32:00"
536544,1,5.91,"2010-12-01 14:32:00"
536544,2,3.36,"2010-12-01 14:32:00"
536544,3,1.66,"2010-12-01 14:32:00"
536544,4,5.91,"2010-12-01 14:32:00"
536544,1,1.66,"2010-12-01 14:32:00"
536544,1,1.66,"2010-12-01 14:32:00"
536544,1,1.66,"2010-12-01 14:32:00"
536544,1,1.66,"2010-12-01 14:32:00"
536544,1,1.66,"2010-12-01 14:32:00"
536544,1,1.66,"2010-12-01 14:32:00"
536544,1,11.87,"2010-12-01 14:32:00"
536544,2,8.47,"2010-12-01 14:32:00"
536544,1,11.02,"2010-12-01 14:32:00"
536544,2,6.77,"2010-12-01 14:32:00"
536544,1,2.98,"2010-12-01 14:32:00"
536544,2,1.28,"2010-12-01 14:32:00"
536544,1,1.28,"2010-12-01 14:32:00"
536544,1,4.21,"2010-12-01 14:32:00"
536544,7,8.47,"2010-12-01 14:32:00"
536544,9,3.36,"2010-12-01 14:32:00"
536544,4,1.66,"2010-12-01 14:32:00"
536544,1,1.66,"2010-12-01 14:32:00"
536544,3,2.51,"2010-12-01 14:32:00"
536544,1,3.36,"2010-12-01 14:32:00"
536544,1,3.36,"2010-12-01 14:32:00"
536544,3,3.36,"2010-12-01 14:32:00"
536544,2,2.51,"2010-12-01 14:32:00"
536544,1,2.51,"2010-12-01 14:32:00"
536544,3,2.51,"2010-12-01 14:32:00"
536544,2,0.84,"2010-12-01 14:32:00"
536544,1,0.84,"2010-12-01 14:32:00"
536544,1,2.51,"2010-12-01 14:32:00"
536544,1,2.51,"2010-12-01 14:32:00"
536544,1,5.91,"2010-12-01 14:32:00"
536544,1,2.51,"2010-12-01 14:32:00"
536544,1,3.36,"2010-12-01 14:32:00"
536544,2,1.66,"2010-12-01 14:32:00"
536544,1,1.66,"2010-12-01 14:32:00"
536544,1,2.51,"2010-12-01 14:32:00"
536544,1,16.13,"2010-12-01 14:32:00"
536544,1,21.23,"2010-12-01 14:32:00"
536544,1,18.68,"2010-12-01 14:32:00"
536544,2,2.51,"2010-12-01 14:32:00"
536544,1,5.06,"2010-12-01 14:32:00"
536544,2,1.66,"2010-12-01 14:32:00"
536544,1,4.21,"2010-12-01 14:32:00"
536544,2,0.85,"2010-12-01 14:32:00"
536544,1,14.43,"2010-12-01 14:32:00"
536544,5,3.36,"2010-12-01 14:32:00"
536544,1,8.47,"2010-12-01 14:32:00"
536544,8,1.69,"2010-12-01 14:32:00"
536544,1,0.85,"2010-12-01 14:32:00"
536544,2,3.36,"2010-12-01 14:32:00"
536544,2,3.36,"2010-12-01 14:32:00"
536544,1,8.47,"2010-12-01 14:32:00"
536544,1,8.47,"2010-12-01 14:32:00"
536544,1,8.47,"2010-12-01 14:32:00"
536544,1,2.51,"2010-12-01 14:32:00"
536544,2,1.66,"2010-12-01 14:32:00"
536544,1,12.72,"2010-12-01 14:32:00"
536544,1,12.72,"2010-12-01 14:32:00"
536544,1,10.17,"2010-12-01 14:32:00"
536544,1,2.51,"2010-12-01 14:32:00"
536544,1,1.28,"2010-12-01 14:32:00"
536544,1,1.28,"2010-12-01 14:32:00"
536544,1,4.21,"2010-12-01 14:32:00"
536544,1,2.51,"2010-12-01 14:32:00"
536544,1,2.51,"2010-12-01 14:32:00"
536544,1,2.51,"2010-12-01 14:32:00"
536544,1,7.62,"2010-12-01 14:32:00"
536544,1,7.62,"2010-12-01 14:32:00"
536544,4,4.21,"2010-12-01 14:32:00"
536544,1,4.21,"2010-12-01 14:32:00"
536544,8,3.36,"2010-12-01 14:32:00"
536544,4,3.36,"2010-12-01 14:32:00"
536544,3,4.21,"2010-12-01 14:32:00"
536544,1,4.21,"2010-12-01 14:32:00"
536544,1,8.47,"2010-12-01 14:32:00"
536544,4,5.06,"2010-12-01 14:32:00"
536544,1,1.28,"2010-12-01 14:32:00"
536544,2,12.72,"2010-12-01 14:32:00"
536544,1,2.51,"2010-12-01 14:32:00"
536544,2,2.51,"2010-12-01 14:32:00"
536544,1,0.85,"2010-12-01 14:32:00"
536544,1,0.85,"2010-12-01 14:32:00"
536544,2,1.66,"2010-12-01 14:32:00"
536544,3,1.66,"2010-12-01 14:32:00"
536544,1,16.98,"2010-12-01 14:32:00"
536544,3,2.51,"2010-12-01 14:32:00"
536544,1,2.51,"2010-12-01 14:32:00"
536544,1,2.51,"2010-12-01 14:32:00"
536544,1,11.02,"2010-12-01 14:32:00"
536544,1,4.21,"2010-12-01 14:32:00"
536544,11,3.36,"2010-12-01 14:32:00"
536544,3,1.66,"2010-12-01 14:32:00"
536544,4,5.91,"2010-12-01 14:32:00"
536544,2,10.17,"2010-12-01 14:32:00"
536544,1,2.51,"2010-12-01 14:32:00"
536544,2,0.85,"2010-12-01 14:32:00"
536544,2,8.47,"2010-12-01 14:32:00"
536544,1,8.47,"2010-12-01 14:32:00"
536544,1,8.47,"2010-12-01 14:32:00"
536544,1,4.21,"2010-12-01 14:32:00"
536544,5,1.66,"2010-12-01 14:32:00"
536544,1,1.66,"2010-12-01 14:32:00"
536544,1,2.51,"2010-12-01 14:32:00"
536544,1,0.85,"2010-12-01 14:32:00"
536544,10,0.85,"2010-12-01 14:32:00"
536544,2,1.66,"2010-12-01 14:32:00"
536544,1,4.95,"2010-12-01 14:32:00"
536544,1,3.81,"2010-12-01 14:32:00"
536544,1,4.24,"2010-12-01 14:32:00"
536544,1,3.81,"2010-12-01 14:32:00"
536544,1,1.26,"2010-12-01 14:32:00"
536544,1,5.06,"2010-12-01 14:32:00"
536544,1,2.51,"2010-12-01 14:32:00"
536544,1,4.24,"2010-12-01 14:32:00"
536544,2,1.66,"2010-12-01 14:32:00"
536544,1,1.66,"2010-12-01 14:32:00"
536544,1,5.09,"2010-12-01 14:32:00"
536544,1,2.96,"2010-12-01 14:32:00"
536544,1,4.24,"2010-12-01 14:32:00"
536544,1,4.24,"2010-12-01 14:32:00"
536544,1,4.24,"2010-12-01 14:32:00"
536544,1,2.11,"2010-12-01 14:32:00"
536544,1,0.85,"2010-12-01 14:32:00"
536544,1,0.85,"2010-12-01 14:32:00"
536544,1,0.85,"2010-12-01 14:32:00"
536544,1,0.85,"2010-12-01 14:32:00"
536544,1,0.85,"2010-12-01 14:32:00"
536544,1,569.77,"2010-12-01 14:32:00"
536544,4,4.21,"2010-12-01 14:32:00"
536544,1,2.51,"2010-12-01 14:32:00"
536544,5,2.51,"2010-12-01 14:32:00"
536544,2,1.66,"2010-12-01 14:32:00"
536544,1,1.49,"2010-12-01 14:32:00"
536544,3,0.85,"2010-12-01 14:32:00"
536544,3,0.85,"2010-12-01 14:32:00"
536544,1,4.21,"2010-12-01 14:32:00"
536544,1,4.21,"2010-12-01 14:32:00"
536544,2,0.43,"2010-12-01 14:32:00"
536544,1,5.91,"2010-12-01 14:32:00"
536544,1,0.85,"2010-12-01 14:32:00"
536544,3,1.66,"2010-12-01 14:32:00"
536544,2,3.36,"2010-12-01 14:32:00"
536544,1,3.36,"2010-12-01 14:32:00"
536544,3,3.36,"2010-12-01 14:32:00"
536544,1,4.21,"2010-12-01 14:32:00"
536544,30,2.51,"2010-12-01 14:32:00"
536544,1,3.36,"2010-12-01 14:32:00"
536544,1,2.98,"2010-12-01 14:32:00"
536544,3,1.28,"2010-12-01 14:32:00"
536544,6,1.65,"2010-12-01 14:32:00"
536544,6,1.65,"2010-12-01 14:32:00"
536544,3,2.10,"2010-12-01 14:32:00"
536544,3,2.10,"2010-12-01 14:32:00"
536544,2,3.75,"2010-12-01 14:32:00"
536544,1,9.95,"2010-12-01 14:32:00"
536544,2,4.25,"2010-12-01 14:32:00"
536544,2,6.35,"2010-12-01 14:32:00"
536544,2,8.50,"2010-12-01 14:32:00"
536544,3,3.36,"2010-12-01 14:32:00"
536544,1,0.43,"2010-12-01 14:32:00"
536544,4,0.43,"2010-12-01 14:32:00"
536544,1,0.43,"2010-12-01 14:32:00"
536544,3,0.43,"2010-12-01 14:32:00"
536544,1,4.21,"2010-12-01 14:32:00"
536544,3,2.51,"2010-12-01 14:32:00"
536544,2,2.51,"2010-12-01 14:32:00"
536544,1,2.51,"2010-12-01 14:32:00"
536544,1,2.51,"2010-12-01 14:32:00"
536544,1,2.51,"2010-12-01 14:32:00"
536544,1,2.51,"2010-12-01 14:32:00"
536544,2,1.66,"2010-12-01 14:32:00"
536544,2,5.91,"2010-12-01 14:32:00"
536544,1,4.21,"2010-12-01 14:32:00"
536544,1,2.51,"2010-12-01 14:32:00"
536544,1,2.51,"2010-12-01 14:32:00"
536544,2,0.43,"2010-12-01 14:32:00"
536544,1,2.51,"2010-12-01 14:32:00"
536544,1,2.51,"2010-12-01 14:32:00"
536544,1,6.77,"2010-12-01 14:32:00"
536544,1,14.43,"2010-12-01 14:32:00"
536544,2,1.66,"2010-12-01 14:32:00"
536544,3,1.66,"2010-12-01 14:32:00"
536544,4,4.21,"2010-12-01 14:32:00"
536544,1,0.85,"2010-12-01 14:32:00"
536544,1,0.85,"2010-12-01 14:32:00"
536544,4,2.51,"2010-12-01 14:32:00"
536544,1,5.06,"2010-12-01 14:32:00"
536544,1,11.02,"2010-12-01 14:32:00"
536544,1,9.32,"2010-12-01 14:32:00"
536544,1,9.32,"2010-12-01 14:32:00"
536544,1,2.51,"2010-12-01 14:32:00"
536544,1,12.72,"2010-12-01 14:32:00"
536544,3,5.91,"2010-12-01 14:32:00"
536544,1,2.51,"2010-12-01 14:32:00"
536544,2,2.51,"2010-12-01 14:32:00"
536544,1,2.51,"2010-12-01 14:32:00"
536544,4,2.51,"2010-12-01 14:32:00"
536544,2,7.62,"2010-12-01 14:32:00"
536544,1,2.51,"2010-12-01 14:32:00"
536544,2,2.51,"2010-12-01 14:32:00"
536544,1,1.28,"2010-12-01 14:32:00"
536544,1,1.28,"2010-12-01 14:32:00"
536544,1,1.66,"2010-12-01 14:32:00"
536544,1,1.66,"2010-12-01 14:32:00"
536544,1,0.84,"2010-12-01 14:32:00"
536544,1,3.36,"2010-12-01 14:32:00"
536544,2,2.51,"2010-12-01 14:32:00"
536544,3,5.91,"2010-12-01 14:32:00"
536544,2,5.91,"2010-12-01 14:32:00"
536544,1,2.51,"2010-12-01 14:32:00"
536544,1,2.51,"2010-12-01 14:32:00"
536544,1,2.51,"2010-12-01 14:32:00"
536544,1,2.51,"2010-12-01 14:32:00"
536544,1,1.66,"2010-12-01 14:32:00"
536544,23,2.51,"2010-12-01 14:32:00"
536544,1,5.91,"2010-12-01 14:32:00"
536544,3,5.06,"2010-12-01 14:32:00"
536544,1,14.43,"2010-12-01 14:32:00"
536544,1,8.47,"2010-12-01 14:32:00"
536544,7,2.51,"2010-12-01 14:32:00"
536544,2,2.51,"2010-12-01 14:32:00"
536544,1,2.51,"2010-12-01 14:32:00"
536544,2,3.36,"2010-12-01 14:32:00"
536544,1,4.21,"2010-12-01 14:32:00"
536544,2,4.21,"2010-12-01 14:32:00"
536544,1,4.21,"2010-12-01 14:32:00"
536544,1,4.21,"2010-12-01 14:32:00"
536544,2,4.21,"2010-12-01 14:32:00"
536544,4,3.36,"2010-12-01 14:32:00"
536544,6,4.21,"2010-12-01 14:32:00"
536544,5,4.21,"2010-12-01 14:32:00"
536544,2,3.36,"2010-12-01 14:32:00"
536544,1,2.98,"2010-12-01 14:32:00"
536544,8,1.28,"2010-12-01 14:32:00"
536544,2,1.28,"2010-12-01 14:32:00"
536544,1,11.02,"2010-12-01 14:32:00"
536544,1,21.23,"2010-12-01 14:32:00"
536544,1,8.47,"2010-12-01 14:32:00"
536544,4,2.51,"2010-12-01 14:32:00"
536544,4,2.51,"2010-12-01 14:32:00"
536544,4,1.66,"2010-12-01 14:32:00"
536544,1,5.91,"2010-12-01 14:32:00"
536544,1,25.49,"2010-12-01 14:32:00"
536544,2,7.62,"2010-12-01 14:32:00"
536544,2,1.66,"2010-12-01 14:32:00"
536544,12,4.21,"2010-12-01 14:32:00"
536544,1,3.36,"2010-12-01 14:32:00"
536544,2,3.36,"2010-12-01 14:32:00"
536544,1,13.57,"2010-12-01 14:32:00"
536544,2,5.91,"2010-12-01 14:32:00"
536544,1,2.51,"2010-12-01 14:32:00"
536544,1,5.91,"2010-12-01 14:32:00"
536544,1,8.47,"2010-12-01 14:32:00"
536544,1,7.62,"2010-12-01 14:32:00"
536544,1,5.91,"2010-12-01 14:32:00"
536544,2,1.66,"2010-12-01 14:32:00"
536544,2,8.47,"2010-12-01 14:32:00"
536544,1,8.47,"2010-12-01 14:32:00"
536544,5,3.36,"2010-12-01 14:32:00"
536544,5,7.62,"2010-12-01 14:32:00"
536544,4,7.62,"2010-12-01 14:32:00"
536544,1,4.21,"2010-12-01 14:32:00"
536544,1,8.47,"2010-12-01 14:32:00"
536544,1,0.85,"2010-12-01 14:32:00"
536544,1,14.43,"2010-12-01 14:32:00"
536544,1,5.06,"2010-12-01 14:32:00"
536544,2,5.91,"2010-12-01 14:32:00"
536544,2,5.91,"2010-12-01 14:32:00"
536544,2,5.06,"2010-12-01 14:32:00"
536544,1,2.51,"2010-12-01 14:32:00"
536544,1,1.66,"2010-12-01 14:32:00"
536544,1,8.47,"2010-12-01 14:32:00"
536544,2,11.87,"2010-12-01 14:32:00"
536544,3,1.66,"2010-12-01 14:32:00"
536544,1,0.85,"2010-12-01 14:32:00"
536544,1,1.66,"2010-12-01 14:32:00"
536544,2,10.17,"2010-12-01 14:32:00"
536544,1,5.06,"2010-12-01 14:32:00"
536544,1,1.66,"2010-12-01 14:32:00"
536544,1,1.66,"2010-12-01 14:32:00"
536544,5,3.36,"2010-12-01 14:32:00"
536544,1,12.72,"2010-12-01 14:32:00"
536544,1,12.72,"2010-12-01 14:32:00"
536551,1,0.95,"2010-12-01 14:34:00"
536551,2,0.85,"2010-12-01 14:34:00"
536551,6,1.95,"2010-12-01 14:34:00"
536551,1,8.50,"2010-12-01 14:34:00"
536551,3,2.95,"2010-12-01 14:34:00"
536551,2,4.65,"2010-12-01 14:34:00"
536551,2,4.65,"2010-12-01 14:34:00"
536551,1,2.95,"2010-12-01 14:34:00"
536551,3,1.65,"2010-12-01 14:34:00"
536551,1,4.95,"2010-12-01 14:34:00"
536551,1,2.95,"2010-12-01 14:34:00"
536551,2,1.25,"2010-12-01 14:34:00"
536551,2,0.42,"2010-12-01 14:34:00"
536551,1,2.95,"2010-12-01 14:34:00"
536551,1,1.65,"2010-12-01 14:34:00"
536551,2,1.65,"2010-12-01 14:34:00"
536551,1,1.65,"2010-12-01 14:34:00"
536551,1,1.65,"2010-12-01 14:34:00"
536551,2,1.25,"2010-12-01 14:34:00"
536551,2,1.25,"2010-12-01 14:34:00"
536551,2,1.25,"2010-12-01 14:34:00"
536551,4,1.95,"2010-12-01 14:34:00"
536551,1,1.95,"2010-12-01 14:34:00"
536551,6,1.65,"2010-12-01 14:34:00"
536551,12,0.65,"2010-12-01 14:34:00"
536551,12,0.42,"2010-12-01 14:34:00"
536551,1,1.65,"2010-12-01 14:34:00"
536551,4,1.65,"2010-12-01 14:34:00"
536551,1,4.95,"2010-12-01 14:34:00"
536551,1,1.25,"2010-12-01 14:34:00"
536551,1,4.95,"2010-12-01 14:34:00"
536551,1,2.95,"2010-12-01 14:34:00"
536551,1,1.95,"2010-12-01 14:34:00"
536551,3,0.42,"2010-12-01 14:34:00"
536551,1,0.42,"2010-12-01 14:34:00"
536555,1,2.55,"2010-12-01 14:37:00"
536555,1,0.42,"2010-12-01 14:37:00"
536556,12,0.85,"2010-12-01 14:38:00"
536556,12,0.85,"2010-12-01 14:38:00"
536556,24,0.65,"2010-12-01 14:38:00"
536556,2,7.95,"2010-12-01 14:38:00"
536556,12,0.85,"2010-12-01 14:38:00"
536556,1,10.95,"2010-12-01 14:38:00"
